US_Metro_Area_Code,US_Metro_Area_Name,Year,Percent_College_Graduates,Percent_White,Population,Region
40,"Abilene, TX",1970,0.12080913,0.943323135,97853,3
40,"Abilene, TX",1980,0.174172625,0.86107707,110923,3
40,"Abilene, TX",1990,0.207336888,0.839806139,119655,3
40,"Abilene, TX",2000,0.224528447,0.819880664,126555,3
80,"Akron, OH (P)",1970,0.107510865,0.917108595,679238,2
80,"Akron, OH (P)",1980,0.15401803,0.900391936,660265,2
80,"Akron, OH (P)",1990,0.192697182,0.888411045,657574,2
80,"Akron, OH (P)",2000,0.242764682,0.863769114,694960,2
120,"Albany, GA",1970,0.09523347,0.653885603,89638,3
120,"Albany, GA",1980,0.136968449,0.585101545,112375,3
120,"Albany, GA",1990,0.165146202,0.533248663,112561,3
120,"Albany, GA",2000,0.176526144,0.472728491,120822,3
160,"Albany-Schenectady-Troy, NY",1970,0.125497147,0.964248776,718325,1
160,"Albany-Schenectady-Troy, NY",1980,0.182909548,0.951923072,794888,1
160,"Albany-Schenectady-Troy, NY",1990,0.23388876,0.931920767,874305,1
160,"Albany-Schenectady-Troy, NY",2000,0.279447317,0.897546053,892196,1
200,"Albuquerque, NM",1970,0.169013903,0.957158566,315769,4
200,"Albuquerque, NM",1980,0.228025094,0.816309273,419652,4
200,"Albuquerque, NM",1990,0.266829729,0.771042347,480577,4
200,"Albuquerque, NM",2000,0.305107623,0.738232851,556678,4
220,"Alexandria, LA",1970,,,0,3
220,"Alexandria, LA",1980,0.1193754,0.720628023,135261,3
220,"Alexandria, LA",1990,0.145798162,0.706748426,131556,3
220,"Alexandria, LA",2000,0.165453389,0.668204904,126337,3
240,"Allentown-Bethlehem-Easton, PA",1970,0.082062528,0.986076713,543477,1
240,"Allentown-Bethlehem-Easton, PA",1980,0.12727429,0.97265929,635328,1
240,"Allentown-Bethlehem-Easton, PA",1990,0.176521957,0.946397185,686608,1
240,"Allentown-Bethlehem-Easton, PA",2000,0.216787413,0.911744416,740395,1
280,"Altoona, PA",1970,0.051643193,0.991612434,128285,1
280,"Altoona, PA",1980,0.081108645,0.989357471,136622,1
280,"Altoona, PA",1990,0.104742721,0.986893117,130543,1
280,"Altoona, PA",2000,0.138831675,0.97792387,129144,1
320,"Amarillo, TX",1970,0.123440214,0.949543595,144382,3
320,"Amarillo, TX",1980,0.16298385,0.898897886,171656,3
320,"Amarillo, TX",1990,0.187062666,0.846705079,187547,3
320,"Amarillo, TX",2000,0.209958911,0.804276168,217858,3
440,"Ann Arbor, MI (P)",1970,0.273972094,0.913890779,234098,2
440,"Ann Arbor, MI (P)",1980,0.360594213,0.862129807,264650,2
440,"Ann Arbor, MI (P)",1990,0.41870895,0.83802402,282938,2
440,"Ann Arbor, MI (P)",2000,0.481353909,0.784942448,322895,2
450,"Anniston, AL",1970,,,0,3
450,"Anniston, AL",1980,0.110398553,0.813129365,119749,3
450,"Anniston, AL",1990,0.141707495,0.800629139,116034,3
450,"Anniston, AL",2000,0.152198881,0.797289968,112249,3
460,"Appleton-Oshkosh-Neenah, WI",1970,0.094987422,0.992939472,276891,2
460,"Appleton-Oshkosh-Neenah, WI",1980,0.139793649,0.985327899,291203,2
460,"Appleton-Oshkosh-Neenah, WI",1990,0.169561878,0.974200368,315121,2
460,"Appleton-Oshkosh-Neenah, WI",2000,0.224338546,0.952378154,358365,2
480,"Asheville, NC",1970,0.099657856,0.878492296,144962,3
480,"Asheville, NC",1980,0.145878926,0.90791136,160647,3
480,"Asheville, NC",1990,0.191090196,0.909512103,174609,3
480,"Asheville, NC",2000,0.252608776,0.895628393,206330,3
500,"Athens, GA",1970,0.278032273,0.79802984,65173,3
500,"Athens, GA",1980,0.349959493,0.749456346,74487,3
500,"Athens, GA",1990,0.260218322,0.795535862,156266,3
500,"Athens, GA",2000,0.287304223,0.768198192,195033,3
520,"Atlanta, GA",1970,0.138395548,0.776872277,1460670,3
520,"Atlanta, GA",1980,0.207484901,0.743924975,2029368,3
520,"Atlanta, GA",1990,0.267767906,0.713455796,2833514,3
520,"Atlanta, GA",2000,0.327061146,0.626787841,3945450,3
560,"Atlantic-Cape May, NJ (P)",1970,0.061617445,0.821823835,175029,1
560,"Atlantic-Cape May, NJ (P)",1980,0.126328409,0.835893929,276212,1
560,"Atlantic-Cape May, NJ (P)",1990,0.166727707,0.815009236,319416,1
560,"Atlantic-Cape May, NJ (P)",2000,0.196985379,0.758364856,354878,1
580,"Auburn-Opelika, AL (P)",1970,,,0,3
580,"Auburn-Opelika, AL (P)",1980,0.216295883,0.747348666,76269,3
580,"Auburn-Opelika, AL (P)",1990,0.252836168,0.744933784,87146,3
580,"Auburn-Opelika, AL (P)",2000,0.2790896,0.745212495,115092,3
600,"Augusta-Aiken, GA-SC",1970,0.104958333,0.717341125,253461,3
600,"Augusta-Aiken, GA-SC",1980,0.143825158,0.677711248,327371,3
600,"Augusta-Aiken, GA-SC",1990,0.179829419,0.66727066,396809,3
600,"Augusta-Aiken, GA-SC",2000,0.213951483,0.623019755,452846,3
640,"Austin-San Marcos, TX",1970,0.195362851,0.886725068,295520,3
640,"Austin-San Marcos, TX",1980,0.28080073,0.802025199,536585,3
640,"Austin-San Marcos, TX",1990,0.322464675,0.76915431,781507,3
640,"Austin-San Marcos, TX",2000,0.383891046,0.73745513,1159836,3
680,"Bakersfield, CA",1970,0.089110531,0.92616111,329176,4
680,"Bakersfield, CA",1980,0.118342936,0.77384001,402990,4
680,"Bakersfield, CA",1990,0.132705748,0.698431194,543478,4
680,"Bakersfield, CA",2000,0.135192752,0.642445743,661645,4
720,"Baltimore, MD (P)",1970,0.103195585,0.75876826,2069595,3
720,"Baltimore, MD (P)",1980,0.169143543,0.729402602,2172851,3
720,"Baltimore, MD (P)",1990,0.231347278,0.718077958,2382508,3
720,"Baltimore, MD (P)",2000,0.292027593,0.678510427,2552994,3
733,"Bangor, ME",1970,0.127386883,0.98850143,76879,1
733,"Bangor, ME",1980,0.141639963,0.987534225,136970,1
733,"Bangor, ME",1990,0.17698282,0.978779137,146601,1
733,"Bangor, ME",2000,0.203193545,0.97226727,144919,1
760,"Baton Rouge, LA",1970,0.160293132,0.703183889,301958,3
760,"Baton Rouge, LA",1980,0.196288198,0.710942268,494055,3
760,"Baton Rouge, LA",1990,0.223669216,0.688998282,528264,3
760,"Baton Rouge, LA",2000,0.249401674,0.654698849,602894,3
840,"Beaumont-Port Arthur, TX",1970,0.088596262,0.784598291,315355,3
840,"Beaumont-Port Arthur, TX",1980,0.121001706,0.762523711,374859,3
840,"Beaumont-Port Arthur, TX",1990,0.137377203,0.730611086,361225,3
840,"Beaumont-Port Arthur, TX",2000,0.147085935,0.690768421,385090,3
860,"Bellingham, WA",1970,,,0,4
860,"Bellingham, WA",1980,0.179172546,0.953711808,106674,4
860,"Bellingham, WA",1990,0.219707847,0.934785843,127780,4
860,"Bellingham, WA",2000,0.272291243,0.897760391,166814,4
870,"Benton Harbor, MI",1970,,,0,2
870,"Benton Harbor, MI",1980,0.133159637,0.842009366,171159,2
870,"Benton Harbor, MI",1990,0.167390347,0.826841354,161378,2
870,"Benton Harbor, MI",2000,0.196175843,0.802312076,162453,2
880,"Billings, MT",1970,0.131137356,0.98135066,87349,4
880,"Billings, MT",1980,0.198541239,0.959985554,108009,4
880,"Billings, MT",1990,0.215150431,0.952882648,113419,4
880,"Billings, MT",2000,0.26381585,0.941315174,129352,4
920,"Biloxi-Gulfport-Pascagoula, MS",1970,0.095361069,0.827343047,134579,3
920,"Biloxi-Gulfport-Pascagoula, MS",1980,0.126368165,0.801751196,299283,3
920,"Biloxi-Gulfport-Pascagoula, MS",1990,0.153876483,0.789313257,312369,3
920,"Biloxi-Gulfport-Pascagoula, MS",2000,0.175534055,0.765643358,363988,3
960,"Binghamton, NY",1970,0.112186387,0.98770541,268329,1
960,"Binghamton, NY",1980,0.15440087,0.975305438,263459,1
960,"Binghamton, NY",1990,0.201532826,0.964218855,264497,1
960,"Binghamton, NY",2000,0.220395297,0.932153642,252320,1
1000,"Birmingham, AL",1970,0.089370735,0.704859078,739257,3
1000,"Birmingham, AL",1980,0.143303409,0.723551631,883773,3
1000,"Birmingham, AL",1990,0.187372521,0.721682966,907809,3
1000,"Birmingham, AL",2000,0.235633507,0.695136905,991819,3
1010,"Bismarck, ND",1970,,,0,2
1010,"Bismarck, ND",1980,0.189405769,0.980297267,79925,2
1010,"Bismarck, ND",1990,0.218760774,0.972193718,83831,2
1010,"Bismarck, ND",2000,0.255445093,0.958983958,94719,2
1020,"Bloomington, IN",1970,0.274366945,0.975462615,84850,2
1020,"Bloomington, IN",1980,0.312795728,0.952350557,98731,2
1020,"Bloomington, IN",1990,0.329231083,0.942704558,108979,2
1020,"Bloomington, IN",2000,0.396280289,0.916815281,120563,2
1040,"Bloomington-Normal, IL",1970,0.152456388,0.97927922,104388,2
1040,"Bloomington-Normal, IL",1980,0.227711111,0.948282838,119137,2
1040,"Bloomington-Normal, IL",1990,0.289800853,0.938372791,129180,2
1040,"Bloomington-Normal, IL",2000,0.3616831,0.896811187,150433,2
1080,"Boise City, ID",1970,0.136339217,0.990252316,112232,4
1080,"Boise City, ID",1980,0.221015692,0.974299729,173033,4
1080,"Boise City, ID",1990,0.24908103,0.968305349,205776,4
1080,"Boise City, ID",2000,0.311774492,0.940359712,300904,4
1123,"Boston, MA",1970,0.128031522,0.963588774,4683526,1
1123,"Boston, MA",1980,0.202612549,0.942435622,5334352,1
1123,"Boston, MA",1990,0.278277874,0.906599522,5686000,1
1123,"Boston, MA",2000,0.338038296,0.863843381,6057826,1
1150,"Bremerton, WA (P)",1970,,,0,4
1150,"Bremerton, WA (P)",1980,0.164168537,0.931265295,143951,4
1150,"Bremerton, WA (P)",1990,0.198340476,0.900922358,189730,4
1150,"Bremerton, WA (P)",2000,0.253301859,0.858619034,231969,4
1240,"Brownsville-Harlingen-San Benito, TX",1970,0.073793903,0.993959963,140231,3
1240,"Brownsville-Harlingen-San Benito, TX",1980,0.104533128,0.783535242,209619,3
1240,"Brownsville-Harlingen-San Benito, TX",1990,0.119755767,0.82432723,260120,3
1240,"Brownsville-Harlingen-San Benito, TX",2000,0.133563921,0.823635936,335227,3
1260,"Bryan-College Station, TX",1970,0.227754235,0.831191659,57977,3
1260,"Bryan-College Station, TX",1980,0.318724304,0.829775155,93565,3
1260,"Bryan-College Station, TX",1990,0.358264595,0.777781427,121862,3
1260,"Bryan-College Station, TX",2000,0.369859129,0.757261395,152415,3
1280,,1970,0.096170105,0.913069904,1349084,1
1280,,1980,0.144609928,0.891468585,1242769,1
1280,,1990,0.188219413,0.871900797,1189287,1
1280,,2000,0.23208113,0.844118237,1170111,1
1303,"Burlington, VT",1970,,,0,1
1303,"Burlington, VT",1980,0.266044825,0.98632437,115534,1
1303,"Burlington, VT",1990,0.290445745,0.97731626,177087,1
1303,"Burlington, VT",2000,0.348414898,0.962325692,198889,1
1320,"Canton-Massillon, OH",1970,0.070924565,0.940471768,372210,2
1320,"Canton-Massillon, OH",1980,0.110231049,0.933974743,404310,2
1320,"Canton-Massillon, OH",1990,0.138727024,0.928897321,394106,2
1320,"Canton-Massillon, OH",2000,0.173152104,0.914256394,406934,2
1350,"Casper, WY",1970,,,0,4
1350,"Casper, WY",1980,0.196966246,0.964540184,71826,4
1350,"Casper, WY",1990,0.203549027,0.972740352,61226,4
1350,"Casper, WY",2000,0.200159416,0.951362491,66533,4
1360,"Cedar Rapids, IA",1970,0.11853756,0.987255931,163213,2
1360,"Cedar Rapids, IA",1980,0.166580901,0.97475481,169682,2
1360,"Cedar Rapids, IA",1990,0.215347677,0.967594564,168768,2
1360,"Cedar Rapids, IA",2000,0.277305156,0.944423854,191701,2
1400,"Champaign-Urbana, IL",1970,0.242601141,0.92528832,163281,2
1400,"Champaign-Urbana, IL",1980,0.300073028,0.88565439,168385,2
1400,"Champaign-Urbana, IL",1990,0.340623736,0.846477926,173024,2
1400,"Champaign-Urbana, IL",2000,0.379896373,0.795690954,179669,2
1440,"Charleston-North Charleston, SC",1970,0.099277988,0.671170175,324487,3
1440,"Charleston-North Charleston, SC",1980,0.15052776,0.669657052,420097,3
1440,"Charleston-North Charleston, SC",1990,0.189257741,0.678682148,506875,3
1440,"Charleston-North Charleston, SC",2000,0.250289857,0.657669008,549033,3
1480,"Charleston, WV",1970,0.098843858,0.942679405,229516,3
1480,"Charleston, WV",1980,0.146640226,0.941542387,269595,3
1480,"Charleston, WV",1990,0.168724373,0.936671019,250454,3
1480,"Charleston, WV",2000,0.204033241,0.924581409,251662,3
1520,"Charlotte-Gastonia-Rock Hill, NC-SC",1970,0.095195636,0.799379706,807321,3
1520,"Charlotte-Gastonia-Rock Hill, NC-SC",1980,0.148476616,0.785317421,928573,3
1520,"Charlotte-Gastonia-Rock Hill, NC-SC",1990,0.195881069,0.784631848,1161741,3
1520,"Charlotte-Gastonia-Rock Hill, NC-SC",2000,0.264670968,0.741863012,1499293,3
1540,"Charlottesville, VA",1970,0.226921976,0.846755326,38879,3
1540,"Charlottesville, VA",1980,0.319893688,0.84371835,95686,3
1540,"Charlottesville, VA",1990,0.332812607,0.831359088,131107,3
1540,"Charlottesville, VA",2000,0.400752783,0.81193912,159576,3
1560,"Chattanooga, TN-GA",1970,0.093368903,0.840239942,305746,3
1560,"Chattanooga, TN-GA",1980,0.125854075,0.854274929,426375,3
1560,"Chattanooga, TN-GA",1990,0.157426551,0.855514944,433060,3
1560,"Chattanooga, TN-GA",2000,0.194479659,0.836850047,476531,3
1580,"Cheyenne, WY",1970,,,0,4
1580,"Cheyenne, WY",1980,0.177473962,0.921716571,68588,4
1580,"Cheyenne, WY",1990,0.206910878,0.904610217,73142,4
1580,"Cheyenne, WY",2000,0.234497845,0.904603779,81607,4
1600,"Chicago, IL (P)",1970,0.113091849,0.816642046,7607992,2
1600,"Chicago, IL (P)",1980,0.179047808,0.741253853,7782531,2
1600,"Chicago, IL (P)",1990,0.236582279,0.71284163,7937455,2
1600,"Chicago, IL (P)",2000,0.292339832,0.673599243,8815161,2
1620,"Chico-Paradise, CA",1970,,,0,4
1620,"Chico-Paradise, CA",1980,0.168941393,0.937018633,143801,4
1620,"Chico-Paradise, CA",1990,0.194755808,0.907994747,182120,4
1620,"Chico-Paradise, CA",2000,0.218359426,0.869336665,203171,4
1640,"Cincinnati, OH-KY-IN (P)",1970,0.106182702,0.88741374,1376989,3
1640,"Cincinnati, OH-KY-IN (P)",1980,0.158593044,0.868880928,1400817,3
1640,"Cincinnati, OH-KY-IN (P)",1990,0.205145717,0.858172953,1452282,3
1640,"Cincinnati, OH-KY-IN (P)",2000,0.262703955,0.836715817,1553843,3
1660,"Clarksville-Hopkinsville, TN-KY",1970,,,0,3
1660,"Clarksville-Hopkinsville, TN-KY",1980,0.119548172,0.764168799,150200,3
1660,"Clarksville-Hopkinsville, TN-KY",1990,0.140336201,0.759114504,169483,3
1660,"Clarksville-Hopkinsville, TN-KY",2000,0.169846967,0.73206687,207033,3
1680,"Cleveland-Lorain-Elyria, OH (P)",1970,0.104955502,0.845420301,2319651,2
1680,"Cleveland-Lorain-Elyria, OH (P)",1980,0.151591435,0.815402031,2172931,2
1680,"Cleveland-Lorain-Elyria, OH (P)",1990,0.189808726,0.797959268,2102091,2
1680,"Cleveland-Lorain-Elyria, OH (P)",2000,0.238923505,0.768271923,2148143,2
1720,"Colorado Springs, CO",1970,0.164840385,0.937056124,235972,4
1720,"Colorado Springs, CO",1980,0.208820149,0.878344893,309396,4
1720,"Colorado Springs, CO",1990,0.258135289,0.861679971,397014,4
1720,"Colorado Springs, CO",2000,0.317589402,0.830268741,516929,4
1740,"Columbia, MO",1970,0.271840811,0.939267337,80912,2
1740,"Columbia, MO",1980,0.346740067,0.914284587,100178,2
1740,"Columbia, MO",1990,0.364817649,0.891432226,112362,2
1740,"Columbia, MO",2000,0.417317986,0.865799427,135454,2
1760,"Columbia, SC",1970,0.143602028,0.73536253,322785,3
1760,"Columbia, SC",1980,0.210354596,0.700018287,410036,3
1760,"Columbia, SC",1990,0.25339511,0.678891182,453242,3
1760,"Columbia, SC",2000,0.29202196,0.643183887,536691,3
1800,"Columbus, GA-AL",1970,0.091151454,0.718776286,235350,3
1800,"Columbus, GA-AL",1980,0.118074909,0.626073897,239197,3
1800,"Columbus, GA-AL",1990,0.150660828,0.593772233,243072,3
1800,"Columbus, GA-AL",2000,0.182835311,0.526515484,250929,3
1840,"Columbus, OH",1970,0.139806598,0.87988472,916228,2
1840,"Columbus, OH",1980,0.184682086,0.877036035,1213890,2
1840,"Columbus, OH",1990,0.230027422,0.860279262,1377420,2
1840,"Columbus, OH",2000,0.287092239,0.822702527,1581066,2
1880,"Corpus Christi, TX",1970,0.09835767,0.955121875,284370,3
1880,"Corpus Christi, TX",1980,0.139089704,0.828082323,326053,3
1880,"Corpus Christi, TX",1990,0.16001974,0.759329975,349894,3
1880,"Corpus Christi, TX",2000,0.177973971,0.752586126,380783,3
1890,"Corvallis, OR",1970,,,0,4
1890,"Corvallis, OR",1980,0.366220266,0.951049685,68199,4
1890,"Corvallis, OR",1990,0.412982345,0.918810904,70810,4
1890,"Corvallis, OR",2000,0.473884344,0.905019641,78153,4
1900,"Cumberland, MD-WV",1970,0.066688396,0.986257374,84045,3
1900,"Cumberland, MD-WV",1980,0.092685647,0.978832483,80419,3
1900,"Cumberland, MD-WV",1990,0.114603087,0.971813083,101643,3
1900,"Cumberland, MD-WV",2000,0.134390071,0.939583182,102008,3
1920,"Dallas, TX (P)",1970,0.139158025,0.835266352,1553599,3
1920,"Dallas, TX (P)",1980,0.218765467,0.775345147,1956740,3
1920,"Dallas, TX (P)",1990,0.275556237,0.726932406,2553357,3
1920,"Dallas, TX (P)",2000,0.307103664,0.678849876,3369303,3
1950,"Danville, VA",1970,0.054343309,0.711209357,105180,3
1950,"Danville, VA",1980,0.077411018,0.695983529,111777,3
1950,"Danville, VA",1990,0.098627783,0.678781331,108711,3
1950,"Danville, VA",2000,0.112689346,0.659573674,110156,3
1960,"Davenport-Moline-Rock Island, IA-IL",1970,0.091336221,0.964352131,351101,2
1960,"Davenport-Moline-Rock Island, IA-IL",1980,0.145381555,0.935847163,383628,2
1960,"Davenport-Moline-Rock Island, IA-IL",1990,0.174058646,0.920532644,350861,2
1960,"Davenport-Moline-Rock Island, IA-IL",2000,0.202617377,0.891728997,359062,2
2000,"Dayton-Springfield, OH",1970,0.106652394,0.887117982,960153,2
2000,"Dayton-Springfield, OH",1980,0.152882114,0.86537081,941938,2
2000,"Dayton-Springfield, OH",1990,0.190692261,0.853156328,951271,2
2000,"Dayton-Springfield, OH",2000,0.221484557,0.827883184,950558,2
2020,"Daytona Beach, FL",1970,0.107036926,0.857487679,169459,3
2020,"Daytona Beach, FL",1980,0.129630476,0.877516806,258723,3
2020,"Daytona Beach, FL",1990,0.147931919,0.886896014,370712,3
2020,"Daytona Beach, FL",2000,0.176407918,0.869843423,443343,3
2030,"Decatur, AL",1970,0.083764248,0.906022847,77306,3
2030,"Decatur, AL",1980,0.117958821,0.899891376,90223,3
2030,"Decatur, AL",1990,0.133352339,0.865531504,131555,3
2030,"Decatur, AL",2000,0.158098206,0.846812487,145867,3
2040,"Decatur, IL",1970,0.089189701,0.920654356,125010,2
2040,"Decatur, IL",1980,0.129391417,0.888319671,131319,2
2040,"Decatur, IL",1990,0.147895724,0.872352958,117206,2
2040,"Decatur, IL",2000,0.169186786,0.838997066,114706,2
2080,"Denver, CO (P)",1970,0.172393605,0.947037876,1227122,4
2080,"Denver, CO (P)",1980,0.259510994,0.884763837,1618210,4
2080,"Denver, CO (P)",1990,0.304702431,0.866828084,1848319,4
2080,"Denver, CO (P)",2000,0.363984406,0.82081461,2400570,4
2120,"Des Moines, IA",1970,0.128600284,0.961464822,283014,2
2120,"Des Moines, IA",1980,0.182193249,0.944637775,367356,2
2120,"Des Moines, IA",1990,0.226032645,0.938500345,392928,2
2120,"Des Moines, IA",2000,0.287179112,0.905070364,456022,2
2160,"Detroit, MI (P)",1970,0.093293965,0.829801977,4502437,2
2160,"Detroit, MI (P)",1980,0.140388206,0.784779608,4487828,2
2160,"Detroit, MI (P)",1990,0.177320555,0.76080817,4382298,2
2160,"Detroit, MI (P)",2000,0.229474992,0.731995761,4598502,2
2180,"Dothan, AL",1970,,,0,3
2180,"Dothan, AL",1980,0.123146303,0.786824346,122396,3
2180,"Dothan, AL",1990,0.144791827,0.771821022,130963,3
2180,"Dothan, AL",2000,0.168941051,0.743358254,137916,3
2200,"Dubuque, IA",1970,0.101230785,0.997118592,90580,2
2200,"Dubuque, IA",1980,0.149887964,0.991146266,93716,2
2200,"Dubuque, IA",1990,0.167706609,0.989167035,86403,2
2200,"Dubuque, IA",2000,0.21330981,0.97658819,89143,2
2240,"Duluth-Superior, MN-WI",1970,0.093072914,0.987171233,263314,2
2240,"Duluth-Superior, MN-WI",1980,0.142805189,0.978226662,266401,2
2240,"Duluth-Superior, MN-WI",1990,0.168369949,0.968496203,239971,2
2240,"Duluth-Superior, MN-WI",2000,0.212320536,0.957918942,243815,2
2281, ,1970,0.140102535,0.928586185,222296,1
2281, ,1980,0.188969702,0.907558799,245045,1
2281, ,1990,0.247870252,0.884549558,259461,1
2281, ,2000,0.276266158,0.843034089,280150,1
2290,"Eau Claire, WI",1970,0.109700136,0.982180834,69139,2
2290,"Eau Claire, WI",1980,0.143765494,0.990124643,130923,2
2290,"Eau Claire, WI",1990,0.168554842,0.973230183,137543,2
2290,"Eau Claire, WI",2000,0.221174419,0.96468854,148337,2
2320,"El Paso, TX",1970,0.113993451,0.963951826,359269,3
2320,"El Paso, TX",1980,0.139957488,0.714793861,479868,3
2320,"El Paso, TX",1990,0.152382955,0.766163528,591610,3
2320,"El Paso, TX",2000,0.166077539,0.764229238,679622,3
2330,"Elkhart-Goshen, IN",1970,0.085952237,0.963265359,126529,2
2330,"Elkhart-Goshen, IN",1980,0.122747548,0.947542429,137301,2
2330,"Elkhart-Goshen, IN",1990,0.142110407,0.936921656,156266,2
2330,"Elkhart-Goshen, IN",2000,0.155073151,0.870584428,182791,2
2335,"Elmira, NY",1970,0.101312704,0.966928005,101536,1
2335,"Elmira, NY",1980,0.133272097,0.94851315,97656,1
2335,"Elmira, NY",1990,0.154216111,0.928137004,95195,1
2335,"Elmira, NY",2000,0.185818151,0.912243307,91070,1
2340,"Enid, OK",1970,0.1086521,0.95242393,55364,3
2340,"Enid, OK",1980,0.160717651,0.944301188,62771,3
2340,"Enid, OK",1990,0.173249677,0.927716613,56735,3
2340,"Enid, OK",2000,0.195523679,0.903412759,57813,3
2360,"Erie, PA",1970,0.088437602,0.964645147,263613,1
2360,"Erie, PA",1980,0.132347316,0.949288607,279714,1
2360,"Erie, PA",1990,0.162165627,0.936401367,275572,1
2360,"Erie, PA",2000,0.208710432,0.913026154,280843,1
2400,"Eugene-Springfield, OR",1970,0.142117783,0.986365795,213360,4
2400,"Eugene-Springfield, OR",1980,0.204282895,0.963506639,275098,4
2400,"Eugene-Springfield, OR",1990,0.221846968,0.953190386,282912,4
2400,"Eugene-Springfield, OR",2000,0.255093753,0.925179362,322959,4
2440,"Evansville-Henderson, IN-KY",1970,0.081647061,0.941197574,231215,2
2440,"Evansville-Henderson, IN-KY",1980,0.120736845,0.93808192,276134,2
2440,"Evansville-Henderson, IN-KY",1990,0.148365796,0.934757531,278991,2
2440,"Evansville-Henderson, IN-KY",2000,0.184936717,0.921754241,296195,2
2520,"Fargo-Moorhead, ND-MN",1970,0.136007756,0.994677246,120239,2
2520,"Fargo-Moorhead, ND-MN",1980,0.20819667,0.984924495,137490,2
2520,"Fargo-Moorhead, ND-MN",1990,0.249812528,0.974017441,153295,2
2520,"Fargo-Moorhead, ND-MN",2000,0.294010431,0.9544065,174367,2
2560,"Fayetteville, NC",1970,0.099792778,0.735895395,212041,3
2560,"Fayetteville, NC",1980,0.14208132,0.641038179,247079,3
2560,"Fayetteville, NC",1990,0.166195586,0.620171487,274566,3
2560,"Fayetteville, NC",2000,0.191094086,0.558530271,302963,3
2580,"Fayetteville-Springdale-Rogers, AR",1970,0.128074408,0.987501621,77370,3
2580,"Fayetteville-Springdale-Rogers, AR",1980,0.179514393,0.966654062,100394,3
2580,"Fayetteville-Springdale-Rogers, AR",1990,0.200058654,0.95906812,113409,3
2580,"Fayetteville-Springdale-Rogers, AR",2000,0.245429114,0.892502308,157715,3
2620,"Flagstaff, AZ-UT",1970,,,0,4
2620,"Flagstaff, AZ-UT",1980,,,0,4
2620,"Flagstaff, AZ-UT",1990,0.23863104,0.661202848,101760,4
2620,"Flagstaff, AZ-UT",2000,0.294608831,0.665078521,122366,4
2640,"Flint, MI (P)",1970,0.07419984,0.861356139,444340,2
2640,"Flint, MI (P)",1980,0.109275691,0.805482507,450441,2
2640,"Flint, MI (P)",1990,0.127664551,0.782451808,430460,2
2640,"Flint, MI (P)",2000,0.1622812,0.763381541,436141,2
2650,"Florence, AL",1970,0.072300971,0.866648555,117719,3
2650,"Florence, AL",1980,0.115507439,0.870130181,135047,3
2650,"Florence, AL",1990,0.144681454,0.868991137,131327,3
2650,"Florence, AL",2000,0.167784959,0.861042321,142950,3
2655,"Florence, SC",1970,,,0,3
2655,"Florence, SC",1980,0.120448545,0.622196198,110153,3
2655,"Florence, SC",1990,0.14796932,0.608278513,114344,3
2655,"Florence, SC",2000,0.186826363,0.587813377,125761,3
2670,"Fort Collins-Loveland, CO",1970,0.194971859,0.990322173,89896,4
2670,"Fort Collins-Loveland, CO",1980,0.287926525,0.951342285,149161,4
2670,"Fort Collins-Loveland, CO",1990,0.32280162,0.947076023,186135,4
2670,"Fort Collins-Loveland, CO",2000,0.395253986,0.928670287,251494,4
2680,"Fort Lauderdale, FL (P)",1970,0.097449459,0.872084737,620051,3
2680,"Fort Lauderdale, FL (P)",1980,0.151388004,0.878179312,1017915,3
2680,"Fort Lauderdale, FL (P)",1990,0.187800318,0.818384111,1255485,3
2680,"Fort Lauderdale, FL (P)",2000,0.245474041,0.719146073,1623018,3
2700,"Fort Myers-Cape Coral, FL",1970,,,0,3
2700,"Fort Myers-Cape Coral, FL",1980,0.133002445,0.905623496,205170,3
2700,"Fort Myers-Cape Coral, FL",1990,0.164489329,0.913193703,335114,3
2700,"Fort Myers-Cape Coral, FL",2000,0.211043358,0.885442555,440888,3
2710,"Fort Pierce-Port St. Lucie, FL",1970,,,0,3
2710,"Fort Pierce-Port St. Lucie, FL",1980,0.131516695,0.82852757,151149,3
2710,"Fort Pierce-Port St. Lucie, FL",1990,0.161163092,0.856164217,251072,3
2710,"Fort Pierce-Port St. Lucie, FL",2000,0.197389603,0.840657949,319426,3
2720,"Fort Smith, AR-OK",1970,0.061948143,0.935985267,128283,3
2720,"Fort Smith, AR-OK",1980,0.097491197,0.909423709,162762,3
2720,"Fort Smith, AR-OK",1990,0.118422933,0.884401083,175910,3
2720,"Fort Smith, AR-OK",2000,0.137866899,0.851903141,207290,3
2750,"Fort Walton Beach, FL",1970,,,0,3
2750,"Fort Walton Beach, FL",1980,0.165804163,0.886535645,109909,3
2750,"Fort Walton Beach, FL",1990,0.209992737,0.870889425,143776,3
2750,"Fort Walton Beach, FL",2000,0.24237518,0.845112562,170498,3
2760,"Fort Wayne, IN",1970,0.101810001,0.928538084,280457,2
2760,"Fort Wayne, IN",1980,0.143205732,0.906181574,327746,2
2760,"Fort Wayne, IN",1990,0.173296571,0.897631168,363810,2
2760,"Fort Wayne, IN",2000,0.20925495,0.863313317,402841,2
2800,"Fort Worth-Arlington, TX (P)",1970,0.112408474,0.892231762,795958,3
2800,"Fort Worth-Arlington, TX (P)",1980,0.174790457,0.844335914,972908,3
2800,"Fort Worth-Arlington, TX (P)",1990,0.225641772,0.80401212,1332055,3
2800,"Fort Worth-Arlington, TX (P)",2000,0.251943558,0.752990782,1661525,3
2840,"Fresno, CA",1970,0.101668306,0.920647204,413054,4
2840,"Fresno, CA",1980,0.151599512,0.748269618,514554,4
2840,"Fresno, CA",1990,0.16931054,0.634763062,667490,4
2840,"Fresno, CA",2000,0.175455496,0.571723819,799407,4
2880,"Gadsden, AL",1970,0.052392229,0.860447824,94144,3
2880,"Gadsden, AL",1980,0.089006677,0.859000325,103007,3
2880,"Gadsden, AL",1990,0.101854675,0.851061702,99840,3
2880,"Gadsden, AL",2000,0.134213582,0.834494829,103459,3
2900,"Gainesville, FL",1970,0.23080042,0.789922297,104766,3
2900,"Gainesville, FL",1980,0.293837547,0.788579941,151345,3
2900,"Gainesville, FL",1990,0.312158674,0.777187169,204113,3
2900,"Gainesville, FL",2000,0.348674387,0.747310936,244043,3
2920,"Galveston-Texas City, TX (P)",1970,0.103667542,0.79756397,169372,3
2920,"Galveston-Texas City, TX (P)",1980,0.154180884,0.758217752,195628,3
2920,"Galveston-Texas City, TX (P)",1990,0.192685395,0.755348444,217399,3
2920,"Galveston-Texas City, TX (P)",2000,0.227128908,0.742031038,250158,3
2975,"Glens Falls, NY",1970,,,0,1
2975,"Glens Falls, NY",1980,0.133561477,0.982325435,109649,1
2975,"Glens Falls, NY",1990,0.15527764,0.970077336,118539,1
2975,"Glens Falls, NY",2000,0.188956484,0.965467036,124345,1
2980,"Goldsboro, NC",1970,0.070642374,0.654318094,85408,3
2980,"Goldsboro, NC",1980,0.10852176,0.662868083,97020,3
2980,"Goldsboro, NC",1990,0.127392009,0.66045326,104666,3
2980,"Goldsboro, NC",2000,0.149875164,0.617476583,113329,3
2985,"Grand Forks, ND-MN",1970,,,0,2
2985,"Grand Forks, ND-MN",1980,0.225884616,0.957034767,66081,2
2985,"Grand Forks, ND-MN",1990,0.258473814,0.94519192,70683,2
2985,"Grand Forks, ND-MN",2000,0.278461695,0.938223243,66109,2
2995,"Grand Junction, CO",1970,0.10461133,0.990363061,54374,4
2995,"Grand Junction, CO",1980,0.163093045,0.956298292,81483,4
2995,"Grand Junction, CO",1990,0.174078003,0.949401498,93145,4
2995,"Grand Junction, CO",2000,0.219544768,0.937456429,116255,4
3000,"Grand Rapids-Muskegon-Holland, MI",1970,0.090587176,0.9385885,696596,2
3000,"Grand Rapids-Muskegon-Holland, MI",1980,0.14742218,0.911682606,759050,2
3000,"Grand Rapids-Muskegon-Holland, MI",1990,0.184357509,0.895361245,847382,2
3000,"Grand Rapids-Muskegon-Holland, MI",2000,0.236986354,0.85800463,982849,2
3040,"Great Falls, MT",1970,0.128554016,0.965534508,81763,4
3040,"Great Falls, MT",1980,0.173694491,0.943268597,80664,4
3040,"Great Falls, MT",1990,0.183889583,0.930468142,77691,4
3040,"Great Falls, MT",2000,0.214759335,0.923466504,80357,4
3060,"Greeley, CO (P)",1970,0.119637229,0.988891125,89298,4
3060,"Greeley, CO (P)",1980,0.167802244,0.896636367,123421,4
3060,"Greeley, CO (P)",1990,0.183743268,0.890351295,131821,4
3060,"Greeley, CO (P)",2000,0.216452539,0.836185157,180936,4
3080,"Green Bay, WI",1970,0.095865734,0.986401498,157885,2
3080,"Green Bay, WI",1980,0.144628063,0.974785089,175084,2
3080,"Green Bay, WI",1990,0.176827699,0.960466206,194593,2
3080,"Green Bay, WI",2000,0.224655271,0.918854535,226778,2
3120,"Greensboro--Winston Salem--High Point, N",1970,0.099948272,0.816139877,791667,3
3120,"Greensboro--Winston Salem--High Point, N",1980,0.148696184,0.800884783,926076,3
3120,"Greensboro--Winston Salem--High Point, N",1990,0.187411055,0.79536134,1050304,3
3120,"Greensboro--Winston Salem--High Point, N",2000,0.228840947,0.749440074,1251509,3
3150,"Greenville, NC",1970,,,0,3
3150,"Greenville, NC",1980,,,0,3
3150,"Greenville, NC",1990,0.219109505,0.6568048,107924,3
3150,"Greenville, NC",2000,0.263992906,0.626406968,133798,3
3160,"Greenville-Spartanburg-Anderson, SC",1970,0.095215969,0.826331615,472907,3
3160,"Greenville-Spartanburg-Anderson, SC",1980,0.133624047,0.823794186,701921,3
3160,"Greenville-Spartanburg-Anderson, SC",1990,0.170693323,0.818309188,785703,3
3160,"Greenville-Spartanburg-Anderson, SC",2000,0.212420538,0.796013653,909904,3
3180,"Hagerstown, MD (P)",1970,0.065688744,0.966011405,103829,3
3180,"Hagerstown, MD (P)",1980,0.094891153,0.947508991,112964,3
3180,"Hagerstown, MD (P)",1990,0.113704711,0.928916812,121393,3
3180,"Hagerstown, MD (P)",2000,0.146330133,0.902837276,131923,3
3200,"Hamilton-Middletown, OH (P)",1970,0.085207783,0.948521078,226209,2
3200,"Hamilton-Middletown, OH (P)",1980,0.140825331,0.945808291,258760,2
3200,"Hamilton-Middletown, OH (P)",1990,0.187231973,0.944428265,291479,2
3200,"Hamilton-Middletown, OH (P)",2000,0.234825999,0.914184511,332807,2
3240,"Harrisburg-Lebanon-Carlisle, PA",1970,0.093839005,0.929013789,410629,1
3240,"Harrisburg-Lebanon-Carlisle, PA",1980,0.143917903,0.926966727,555145,1
3240,"Harrisburg-Lebanon-Carlisle, PA",1990,0.180157214,0.913622379,587987,1
3240,"Harrisburg-Lebanon-Carlisle, PA",2000,0.226051822,0.882497787,629401,1
3280,"Hartford, CT",1970,0.114168569,0.996315062,42877,1
3280,"Hartford, CT",1980,0.186194003,0.987523019,156740,1
3280,"Hartford, CT",1990,0.249991566,0.978787184,174092,1
3280,"Hartford, CT",2000,0.274655342,0.964559555,182193,1
3283,"Hartford, CT",1970,0.129624888,0.936446369,945674,1
3283,"Hartford, CT",1980,0.203278437,0.900442004,1051586,1
3283,"Hartford, CT",1990,0.264755398,0.863153875,1123678,1
3283,"Hartford, CT",2000,0.305482715,0.815084755,1148618,1
3285,"Hattiesburg, MS",1970,,,0,3
3285,"Hattiesburg, MS",1980,0.166505575,0.766838431,89778,3
3285,"Hattiesburg, MS",1990,0.20146893,0.742257297,98738,3
3285,"Hattiesburg, MS",2000,0.242975786,0.719102025,111674,3
3290,"Hickory-Morganton-Lenoir, NC",1970,0.072601236,0.901611388,151237,3
3290,"Hickory-Morganton-Lenoir, NC",1980,0.103178948,0.912678421,177658,3
3290,"Hickory-Morganton-Lenoir, NC",1990,0.121715516,0.910960376,221699,3
3290,"Hickory-Morganton-Lenoir, NC",2000,0.145954296,0.866837323,264436,3
3350,"Houma, LA",1970,,,0,3
3350,"Houma, LA",1980,0.09725254,0.83767724,176773,3
3350,"Houma, LA",1990,0.097000755,0.809688151,182842,3
3350,"Houma, LA",2000,0.123025797,0.7913481,194477,3
3360,"Houston, TX (P)",1970,0.138613179,0.799131989,1998890,3
3360,"Houston, TX (P)",1980,0.219802827,0.729010522,2904476,3
3360,"Houston, TX (P)",1990,0.245139658,0.671552777,3493772,3
3360,"Houston, TX (P)",2000,0.268258512,0.635659754,4393382,3
3400,"Huntington-Ashland, WV-KY-OH",1970,0.071179561,0.974384367,286934,3
3400,"Huntington-Ashland, WV-KY-OH",1980,0.101110086,0.972737968,311294,3
3400,"Huntington-Ashland, WV-KY-OH",1990,0.125674918,0.973538458,312529,3
3400,"Huntington-Ashland, WV-KY-OH",2000,0.143801168,0.96430856,315538,3
3440,"Huntsville, AL",1970,0.187573239,0.847631335,186541,3
3440,"Huntsville, AL",1980,0.213542193,0.787384629,196897,3
3440,"Huntsville, AL",1990,0.301233113,0.773088932,238913,3
3440,"Huntsville, AL",2000,0.34267056,0.73059994,276700,3
3480,"Indianapolis, IN",1970,0.099933431,0.881495535,1246569,2
3480,"Indianapolis, IN",1980,0.15320608,0.863340378,1305749,2
3480,"Indianapolis, IN",1990,0.202012643,0.855872273,1380491,2
3480,"Indianapolis, IN",2000,0.258345097,0.825077176,1607486,2
3500,"Iowa City, IA",1970,,,0,2
3500,"Iowa City, IA",1980,0.385531306,0.960779727,81650,2
3500,"Iowa City, IA",1990,0.439862013,0.934622705,96119,2
3500,"Iowa City, IA",2000,0.475985944,0.908158123,111006,2
3520,"Jackson, MI",1970,0.076308899,0.938334525,143273,2
3520,"Jackson, MI",1980,0.122191221,0.913409114,151494,2
3520,"Jackson, MI",1990,0.129232362,0.905799448,149756,2
3520,"Jackson, MI",2000,0.16258581,0.894061446,158422,2
3560,"Jackson, MS",1970,0.13950485,0.626815319,258904,3
3560,"Jackson, MS",1980,0.20791176,0.582836628,361868,3
3560,"Jackson, MS",1990,0.250760883,0.568782747,395396,3
3560,"Jackson, MS",2000,0.280997992,0.528955221,440801,3
3580,"Jackson, TN",1970,0.083225548,0.688099086,65726,3
3580,"Jackson, TN",1980,0.127647758,0.69728756,74522,3
3580,"Jackson, TN",1990,0.165635526,0.685200632,77983,3
3580,"Jackson, TN",2000,0.215186611,0.654942989,91837,3
3600,"Jacksonville, FL",1970,0.089014105,0.76787442,519094,3
3600,"Jacksonville, FL",1980,0.140758395,0.768490314,719989,3
3600,"Jacksonville, FL",1990,0.185752437,0.774166286,906728,3
3600,"Jacksonville, FL",2000,0.228700072,0.734088719,1100491,3
3605,"Jacksonville, NC",1970,,,0,3
3605,"Jacksonville, NC",1980,0.113751739,0.754750252,112738,3
3605,"Jacksonville, NC",1990,0.134241462,0.745591938,149838,3
3605,"Jacksonville, NC",2000,0.147716701,0.734401941,150355,3
3610,"Jamestown, NY",1970,,,0,1
3610,"Jamestown, NY",1980,0.118358292,0.971631765,146913,1
3610,"Jamestown, NY",1990,0.142059132,0.960259318,141895,1
3610,"Jamestown, NY",2000,0.169415191,0.945974946,139750,1
3620,"Janesville-Beloit, WI",1970,0.102769628,0.986190677,54818,2
3620,"Janesville-Beloit, WI",1980,0.123823062,0.957280159,139383,2
3620,"Janesville-Beloit, WI",1990,0.133038878,0.937767923,139510,2
3620,"Janesville-Beloit, WI",2000,0.166842163,0.917062283,152307,2
3660,"Johnson City-Kingsport-Bristol, TN-VA",1970,0.06721662,0.937564552,17426,3
3660,"Johnson City-Kingsport-Bristol, TN-VA",1980,0.110992998,0.975048244,433511,3
3660,"Johnson City-Kingsport-Bristol, TN-VA",1990,0.137843385,0.974376619,436047,3
3660,"Johnson City-Kingsport-Bristol, TN-VA",2000,0.166031867,0.965889812,480091,3
3680,"Johnstown, PA",1970,0.05085947,0.985385597,262823,1
3680,"Johnstown, PA",1980,0.082260862,0.983966291,264505,1
3680,"Johnstown, PA",1990,0.101979658,0.980679572,241247,1
3680,"Johnstown, PA",2000,0.127113849,0.964852691,232621,1
3700,"Jonesboro, AR",1970,,,0,3
3700,"Jonesboro, AR",1980,,,0,3
3700,"Jonesboro, AR",1990,0.163664922,0.9332183,68956,3
3700,"Jonesboro, AR",2000,0.209443077,0.899790645,82148,3
3710,"Joplin, MO",1970,,,0,2
3710,"Joplin, MO",1980,0.104965612,0.97800225,127320,2
3710,"Joplin, MO",1990,0.129844919,0.96374619,134910,2
3710,"Joplin, MO",2000,0.163677469,0.945335031,157322,2
3720,,1970,0.117571123,0.932919562,343513,2
3720,,1980,0.183837801,0.901580811,353860,2
3720,,1990,0.21917066,0.880044937,359393,2
3720,,2000,0.253593713,0.853056908,376588,2
3740,"Kankakee, IL (P)",1970,,,0,2
3740,"Kankakee, IL (P)",1980,0.106050648,0.844898283,102821,2
3740,"Kankakee, IL (P)",1990,0.119475089,0.835187793,96255,2
3740,"Kankakee, IL (P)",2000,0.149596021,0.804965675,103833,2
3760,"Kansas City, MO-KS",1970,0.115845472,0.876478612,1302851,2
3760,"Kansas City, MO-KS",1980,0.181800291,0.849326134,1381353,2
3760,"Kansas City, MO-KS",1990,0.233654618,0.843833089,1566279,2
3760,"Kansas City, MO-KS",2000,0.286552578,0.816586912,1757083,2
3800,"Kenosha, WI (P)",1970,0.068168223,0.976822674,117917,2
3800,"Kenosha, WI (P)",1980,0.107283928,0.956893563,123123,2
3800,"Kenosha, WI (P)",1990,0.126865849,0.93059814,128181,2
3800,"Kenosha, WI (P)",2000,0.191986367,0.894201636,149577,2
3810,"Killeen-Temple, TX",1970,,,0,3
3810,"Killeen-Temple, TX",1980,0.149619073,0.743060052,214700,3
3810,"Killeen-Temple, TX",1990,0.157114908,0.709888041,255429,3
3810,"Killeen-Temple, TX",2000,0.180698022,0.653045833,312952,3
3840,"Knoxville, TN",1970,0.112930216,0.928860307,400339,3
3840,"Knoxville, TN",1980,0.170657098,0.923085809,476496,3
3840,"Knoxville, TN",1990,0.191582486,0.929464519,604816,3
3840,"Knoxville, TN",2000,0.227247775,0.920422494,713116,3
3850,"Kokomo, IN",1970,,,0,2
3850,"Kokomo, IN",1980,0.105346993,0.948840559,103715,2
3850,"Kokomo, IN",1990,0.135660961,0.94251442,96946,2
3850,"Kokomo, IN",2000,0.171382412,0.918909609,101541,2
3870,"La Crosse, WI-MN",1970,,,0,2
3870,"La Crosse, WI-MN",1980,0.173625052,0.990050197,91009,2
3870,"La Crosse, WI-MN",1990,0.210818291,0.961360097,97904,2
3870,"La Crosse, WI-MN",2000,0.253895789,0.94644326,107120,2
3880,"Lafayette, LA",1970,0.135300323,0.782046378,109716,3
3880,"Lafayette, LA",1980,0.205325797,0.787544072,149993,3
3880,"Lafayette, LA",1990,0.1921691,0.738310814,208740,3
3880,"Lafayette, LA",2000,0.220308647,0.723710299,239086,3
3920,"Lafayette, IN",1970,0.205966949,0.982958198,109378,2
3920,"Lafayette, IN",1980,0.255298346,0.96497184,121693,2
3920,"Lafayette, IN",1990,0.306834608,0.935619235,130598,2
3920,"Lafayette, IN",2000,0.331568867,0.895988703,148955,2
3960,"Lake Charles, LA",1970,0.090512052,0.782699287,145416,3
3960,"Lake Charles, LA",1980,0.135647967,0.775186419,167120,3
3960,"Lake Charles, LA",1990,0.146539509,0.763336182,168134,3
3960,"Lake Charles, LA",2000,0.168614656,0.74187398,183577,3
3980,"Lakeland-Winter Haven, FL",1970,0.104666628,0.881249428,92488,3
3980,"Lakeland-Winter Haven, FL",1980,0.11418768,0.82823354,321603,3
3980,"Lakeland-Winter Haven, FL",1990,0.128543526,0.844428599,405383,3
3980,"Lakeland-Winter Haven, FL",2000,0.149196222,0.803634465,483924,3
4000,"Lancaster, PA",1970,0.082442425,0.982076466,319692,1
4000,"Lancaster, PA",1980,0.129899681,0.959872484,362295,1
4000,"Lancaster, PA",1990,0.166789457,0.941878498,422822,1
4000,"Lancaster, PA",2000,0.205085576,0.920957446,470658,1
4040,"Lansing-East Lansing, MI",1970,0.14930284,0.95500803,378423,2
4040,"Lansing-East Lansing, MI",1980,0.21651727,0.914432168,419687,2
4040,"Lansing-East Lansing, MI",1990,0.246616453,0.88225776,432674,2
4040,"Lansing-East Lansing, MI",2000,0.28378284,0.854326725,447728,2
4080,"Laredo, TX",1970,0.068975098,0.994907916,72858,3
4080,"Laredo, TX",1980,0.098479547,0.914011121,99247,3
4080,"Laredo, TX",1990,0.111093178,0.704623222,133240,3
4080,"Laredo, TX",2000,0.139273778,0.843535244,193117,3
4100,"Las Cruces, NM",1970,0.154321209,0.981373668,65606,4
4100,"Las Cruces, NM",1980,0.19286029,0.799510062,96339,4
4100,"Las Cruces, NM",1990,0.218596995,0.913260996,135510,4
4100,"Las Cruces, NM",2000,0.222928539,0.705659449,174682,4
4120,"Las Vegas, NV-AZ",1970,0.099597909,0.896988571,273290,4
4120,"Las Vegas, NV-AZ",1980,0.12596494,0.848308802,463056,4
4120,"Las Vegas, NV-AZ",1990,0.138117358,0.813019276,741457,4
4120,"Las Vegas, NV-AZ",2000,0.173348516,0.736862779,1375765,4
4150,"Lawrence, KS",1970,,,0,2
4150,"Lawrence, KS",1980,0.35127461,0.89942193,67615,2
4150,"Lawrence, KS",1990,0.384428114,0.891415417,81798,2
4150,"Lawrence, KS",2000,0.426835895,0.872491539,99962,2
4200,"Lawton, OK",1970,0.113446705,0.859186471,108143,3
4200,"Lawton, OK",1980,0.150776088,0.747252285,112442,3
4200,"Lawton, OK",1990,0.184400648,0.715740085,111486,3
4200,"Lawton, OK",2000,0.191103846,0.669710279,114996,3
4243,"Lewiston-Auburn, ME",1970,0.064242125,0.997420847,72505,1
4243,"Lewiston-Auburn, ME",1980,0.104949296,0.993065059,99640,1
4243,"Lewiston-Auburn, ME",1990,0.125512928,0.986602187,105240,1
4243,"Lewiston-Auburn, ME",2000,0.143660143,0.974921227,103793,1
4280,"Lexington, KY",1970,0.172278509,0.874623537,174323,3
4280,"Lexington, KY",1980,0.208848149,0.882517397,317601,3
4280,"Lexington, KY",1990,0.253444642,0.878138363,348428,3
4280,"Lexington, KY",2000,0.297813594,0.858088851,408326,3
4320,"Lima, OH",1970,0.068898506,0.914615273,111144,2
4320,"Lima, OH",1980,0.095421061,0.922620237,154769,2
4320,"Lima, OH",1990,0.109486483,0.911474645,154340,2
4320,"Lima, OH",2000,0.134389848,0.89329654,155084,2
4360,"Lincoln, NE",1970,0.175275415,0.978395104,167971,2
4360,"Lincoln, NE",1980,0.239070088,0.960639358,192829,2
4360,"Lincoln, NE",1990,0.27593568,0.950257421,213640,2
4360,"Lincoln, NE",2000,0.325656146,0.908182859,250291,2
4400,"Little Rock-North Little Rock, AR",1970,0.107127972,0.812889755,323296,3
4400,"Little Rock-North Little Rock, AR",1980,0.166544646,0.785522997,428173,3
4400,"Little Rock-North Little Rock, AR",1990,0.204039901,0.788699269,513117,3
4400,"Little Rock-North Little Rock, AR",2000,0.247711644,0.751081169,583845,3
4420,"Longview-Marshall, TX",1970,,,0,3
4420,"Longview-Marshall, TX",1980,0.137950853,0.75724864,151695,3
4420,"Longview-Marshall, TX",1990,0.159039766,0.753039777,162431,3
4420,"Longview-Marshall, TX",2000,0.180307135,0.730634212,173489,3
4480,"Los Angeles-Long Beach, CA (P)",1970,0.127357543,0.85688436,7016409,4
4480,"Los Angeles-Long Beach, CA (P)",1980,0.184800908,0.686727703,7473005,4
4480,"Los Angeles-Long Beach, CA (P)",1990,0.223204255,0.5691787,8862508,4
4480,"Los Angeles-Long Beach, CA (P)",2000,0.248580977,0.516282141,9519338,4
4520,"Louisville, KY-IN",1970,0.090477847,0.876084328,826554,3
4520,"Louisville, KY-IN",1980,0.140506476,0.862487614,906029,3
4520,"Louisville, KY-IN",1990,0.17343922,0.859253168,952661,3
4520,"Louisville, KY-IN",2000,0.223395526,0.831964076,1035975,3
4600,"Lubbock, TX",1970,0.140070617,0.9240641,179296,3
4600,"Lubbock, TX",1980,0.200689226,0.818947196,211651,3
4600,"Lubbock, TX",1990,0.234188706,0.793456554,222636,3
4600,"Lubbock, TX",2000,0.243705913,0.755741298,242628,3
4640,"Lynchburg, VA",1970,0.093044065,0.797402382,124577,3
4640,"Lynchburg, VA",1980,0.138651773,0.789842069,141269,3
4640,"Lynchburg, VA",1990,0.164494604,0.780836821,142200,3
4640,"Lynchburg, VA",2000,0.187299848,0.750487387,148241,3
4680,"Macon, GA",1970,0.09205471,0.684391379,234550,3
4680,"Macon, GA",1980,0.130174235,0.656632125,263559,3
4680,"Macon, GA",1990,0.161833763,0.642668366,281103,3
4680,"Macon, GA",2000,0.199562103,0.596998334,311959,3
4720,"Madison, WI",1970,0.2310929,0.978861213,290272,2
4720,"Madison, WI",1980,0.30876112,0.962620437,323405,2
4720,"Madison, WI",1990,0.341527522,0.938970566,367085,2
4720,"Madison, WI",2000,0.406384498,0.897188008,426526,2
4800,"Mansfield, OH",1970,0.064031966,0.931775331,129997,2
4800,"Mansfield, OH",1980,0.100973748,0.922541082,131161,2
4800,"Mansfield, OH",1990,0.115838893,0.913205504,126137,2
4800,"Mansfield, OH",2000,0.126067489,0.888709545,128852,2
4880,"McAllen-Edinburg-Mission, TX",1970,0.073066831,0.997157574,181535,3
4880,"McAllen-Edinburg-Mission, TX",1980,0.107481137,0.848480582,283197,3
4880,"McAllen-Edinburg-Mission, TX",1990,0.114536494,0.747597396,383546,3
4880,"McAllen-Edinburg-Mission, TX",2000,0.129100338,0.795665383,569463,3
4890,"Medford-Ashland, OR",1970,,,0,4
4890,"Medford-Ashland, OR",1980,0.152831167,0.964773238,132406,4
4890,"Medford-Ashland, OR",1990,0.176171064,0.955590904,146389,4
4890,"Medford-Ashland, OR",2000,0.22278899,0.937137604,181269,4
4900,"Melbourne-Titusville-Palm Bay, FL",1970,0.15102528,0.905868471,226736,3
4900,"Melbourne-Titusville-Palm Bay, FL",1980,0.171196252,0.898572624,272786,3
4900,"Melbourne-Titusville-Palm Bay, FL",1990,0.203983471,0.899130046,398979,3
4900,"Melbourne-Titusville-Palm Bay, FL",2000,0.235534444,0.8762573,476230,3
4920,"Memphis, TN-AR-MS",1970,0.096117124,0.622266352,770085,3
4920,"Memphis, TN-AR-MS",1980,0.146191671,0.593785942,913290,3
4920,"Memphis, TN-AR-MS",1990,0.189546883,0.580557942,981747,3
4920,"Memphis, TN-AR-MS",2000,0.229638398,0.53063947,1106808,3
4940,"Merced, CA",1970,,,0,4
4940,"Merced, CA",1980,0.104730487,0.778888404,134536,4
4940,"Merced, CA",1990,0.120161511,0.675186813,178400,4
4940,"Merced, CA",2000,0.110481903,0.597167492,210554,4
5000,"Miami, FL (P)",1970,0.10788098,0.846197128,1267486,3
5000,"Miami, FL (P)",1980,0.167673528,0.771975935,1625397,3
5000,"Miami, FL (P)",1990,0.187671989,0.730653584,1937094,3
5000,"Miami, FL (P)",2000,0.216786027,0.719896317,2253362,3
5080,"Milwaukee-Waukesha, WI (P)",1970,0.11165528,0.918600142,1403491,2
5080,"Milwaukee-Waukesha, WI (P)",1980,0.17089808,0.870904028,1396889,2
5080,"Milwaukee-Waukesha, WI (P)",1990,0.212903798,0.826913238,1432149,2
5080,"Milwaukee-Waukesha, WI (P)",2000,0.269522995,0.779041827,1500741,2
5120,"Minneapolis-St. Paul, MN-WI",1970,0.147939667,0.973095596,1811041,2
5120,"Minneapolis-St. Paul, MN-WI",1980,0.21902509,0.952618778,2111101,2
5120,"Minneapolis-St. Paul, MN-WI",1990,0.271337777,0.922357798,2464121,2
5120,"Minneapolis-St. Paul, MN-WI",2000,0.336521924,0.864755869,2867585,2
5140,"Missoula, MT",1970,0.200690046,0.984507322,50669,4
5140,"Missoula, MT",1980,0.239683062,0.968559265,75996,4
5140,"Missoula, MT",1990,0.277198583,0.962128401,78687,4
5140,"Missoula, MT",2000,0.32800433,0.952965498,95802,4
5160,"Mobile, AL",1970,0.073388569,0.696937382,376381,3
5160,"Mobile, AL",1980,0.123432092,0.704574943,443302,3
5160,"Mobile, AL",1990,0.158139572,0.711425722,476924,3
5160,"Mobile, AL",2000,0.19868432,0.698988259,540258,3
5170,"Modesto, CA",1970,0.082133606,0.981584132,194506,4
5170,"Modesto, CA",1980,0.117622778,0.881252825,265847,4
5170,"Modesto, CA",1990,0.129507765,0.804070473,370521,4
5170,"Modesto, CA",2000,0.140521884,0.727783382,446997,4
5200,"Monroe, LA",1970,0.10633897,0.725809693,115387,3
5200,"Monroe, LA",1980,0.152781904,0.701531887,139210,3
5200,"Monroe, LA",1990,0.188548893,0.68045795,142191,3
5200,"Monroe, LA",2000,0.227343664,0.648387074,147250,3
5240,"Montgomery, AL",1970,0.114665754,0.650056899,201327,3
5240,"Montgomery, AL",1980,0.174829572,0.647256017,272680,3
5240,"Montgomery, AL",1990,0.211072862,0.630106986,292517,3
5240,"Montgomery, AL",2000,0.247227833,0.589830518,333055,3
5280,"Muncie, IN",1970,0.097954467,0.943816304,129219,2
5280,"Muncie, IN",1980,0.149304956,0.932357073,128586,2
5280,"Muncie, IN",1990,0.164738208,0.93038553,119659,2
5280,"Muncie, IN",2000,0.203784987,0.913942218,118769,2
5345,"Naples, FL",1970,,,0,3
5345,"Naples, FL",1980,0.184589431,0.878518581,85926,3
5345,"Naples, FL",1990,0.223376572,0.914904118,152101,3
5345,"Naples, FL",2000,0.279228717,0.870497286,251377,3
5360,"Nashville, TN",1970,0.110606954,0.819694877,541105,3
5360,"Nashville, TN",1980,0.167571515,0.831555903,850418,3
5360,"Nashville, TN",1990,0.213885173,0.831282735,984985,3
5360,"Nashville, TN",2000,0.26851362,0.80107218,1231311,3
5483,"New Haven, CT",1970,0.149818167,0.916985273,1371407,1
5483,"New Haven, CT",1980,0.220337719,0.888736725,1568469,1
5483,"New Haven, CT",1990,0.293220997,0.851845384,1631864,1
5483,"New Haven, CT",2000,0.33981061,0.803493559,1706575,1
5523,"New London-Norwich, CT",1970,0.108282492,0.960992515,217266,1
5523,"New London-Norwich, CT",1980,0.169212908,0.944431961,236053,1
5523,"New London-Norwich, CT",1990,0.217575282,0.917844951,254957,1
5523,"New London-Norwich, CT",2000,0.262296587,0.879894078,259088,1
5560,"New Orleans, LA",1970,0.105776899,0.687402189,1045612,3
5560,"New Orleans, LA",1980,0.165251672,0.656133771,1223674,3
5560,"New Orleans, LA",1990,0.197451279,0.621853769,1238817,3
5560,"New Orleans, LA",2000,0.229908824,0.578637898,1289753,3
5600,"New York, NY (P)",1970,0.124905758,0.843732953,16775762,1
5600,"New York, NY (P)",1980,0.192021087,0.755891919,16342055,1
5600,"New York, NY (P)",1990,0.254754037,0.690413833,16817868,1
5600,"New York, NY (P)",2000,0.303439826,0.631233275,18276700,1
5660,"Newburgh, NY-PA (P) -X",1970,,,0,1
5660,"Newburgh, NY-PA (P) -X",1980,0.149303958,0.915409148,259278,1
5660,"Newburgh, NY-PA (P) -X",1990,0.190682694,0.895789862,335380,1
5660,"Newburgh, NY-PA (P) -X",2000,0.220752969,0.856898546,387669,1
5720,"Norfolk-Virginia Beach-Newport News, VA-",1970,0.0999671,0.726848364,987371,3
5720,"Norfolk-Virginia Beach-Newport News, VA-",1980,0.158304557,0.692085981,1130939,3
5720,"Norfolk-Virginia Beach-Newport News, VA-",1990,0.201217741,0.678675294,1396106,3
5720,"Norfolk-Virginia Beach-Newport News, VA-",2000,0.241054177,0.624445915,1512416,3
5790,"Ocala, FL",1970,,,0,3
5790,"Ocala, FL",1980,0.095649406,0.826426625,122476,3
5790,"Ocala, FL",1990,0.115072154,0.855963826,194833,3
5790,"Ocala, FL",2000,0.136900529,0.848275125,258916,3
5800,,1970,0.138200015,0.927937746,157239,3
5800,,1980,0.172692522,0.844483376,197970,3
5800,,1990,0.185361743,0.79188633,225545,3
5800,,2000,0.183778822,0.774087846,237132,3
5880,"Oklahoma City, OK",1970,0.136462405,0.892416298,640887,3
5880,"Oklahoma City, OK",1980,0.190361917,0.859135807,833880,3
5880,"Oklahoma City, OK",1990,0.216191381,0.812633991,958839,3
5880,"Oklahoma City, OK",2000,0.244498208,0.782990873,1083346,3
5910,"Olympia, WA (P)",1970,,,0,4
5910,"Olympia, WA (P)",1980,0.203482926,0.948754251,124252,4
5910,"Olympia, WA (P)",1990,0.247480482,0.921426713,161238,4
5910,"Olympia, WA (P)",2000,0.298416942,0.870251477,207355,4
5920,"Omaha, NE-IA",1970,0.11802274,0.925305724,540135,2
5920,"Omaha, NE-IA",1980,0.185250446,0.904677927,585084,2
5920,"Omaha, NE-IA",1990,0.227678761,0.890958846,618262,2
5920,"Omaha, NE-IA",2000,0.282935143,0.854698658,692664,2
5945,"Anaheim--Santa Ana, CA (P) -X",1970,0.158446163,0.975180686,1420669,4
5945,"Anaheim--Santa Ana, CA (P) -X",1980,0.226381183,0.871763945,1932984,4
5945,"Anaheim--Santa Ana, CA (P) -X",1990,0.278170407,0.786780953,2411201,4
5945,"Anaheim--Santa Ana, CA (P) -X",2000,0.308109492,0.670753717,2846289,4
5960,"Orlando, FL",1970,0.109048098,0.854519367,453270,3
5960,"Orlando, FL",1980,0.162329122,0.851413667,699889,3
5960,"Orlando, FL",1990,0.215915382,0.828386366,1072747,3
5960,"Orlando, FL",2000,0.261784375,0.747659206,1434033,3
5990,"Owensboro, KY",1970,,,0,3
5990,"Owensboro, KY",1980,0.110234931,0.955764949,85935,3
5990,"Owensboro, KY",1990,0.140858889,0.956038058,87189,3
5990,"Owensboro, KY",2000,0.170189977,0.942946076,91545,3
6015,"Panama City, FL",1970,,,0,3
6015,"Panama City, FL",1980,0.132074118,0.856137156,97562,3
6015,"Panama City, FL",1990,0.156971663,0.86450541,126994,3
6015,"Panama City, FL",2000,0.176764786,0.850125134,148217,3
6020,"Parkersburg-Marietta, WV-OH",1970,0.072910629,0.989341438,94009,3
6020,"Parkersburg-Marietta, WV-OH",1980,0.114254355,0.985859275,157792,3
6020,"Parkersburg-Marietta, WV-OH",1990,0.133639574,0.98299247,149169,3
6020,"Parkersburg-Marietta, WV-OH",2000,0.151574895,0.976533532,151237,3
6080,"Pensacola, FL",1970,0.092428274,0.815878749,241493,3
6080,"Pensacola, FL",1980,0.141851947,0.805968046,288571,3
6080,"Pensacola, FL",1990,0.182750657,0.80607301,344407,3
6080,"Pensacola, FL",2000,0.21528618,0.786064863,412153,3
6120,"Peoria-Pekin, IL",1970,0.093397886,0.95400399,340899,2
6120,"Peoria-Pekin, IL",1980,0.143093288,0.929744005,365712,2
6120,"Peoria-Pekin, IL",1990,0.168850526,0.912342131,339172,2
6120,"Peoria-Pekin, IL",2000,0.211412087,0.884163797,347387,2
6160,"Philadelphia, PA-NJ (P)",1970,0.107440867,0.820135117,4816771,1
6160,"Philadelphia, PA-NJ (P)",1980,0.168413416,0.78724438,4715681,1
6160,"Philadelphia, PA-NJ (P)",1990,0.227526963,0.765611112,4856965,1
6160,"Philadelphia, PA-NJ (P)",2000,0.279100418,0.726316273,5036646,1
6200,"Phoenix-Mesa, AZ",1970,0.128231838,0.948451579,967518,4
6200,"Phoenix-Mesa, AZ",1980,0.183030039,0.875234902,1508806,4
6200,"Phoenix-Mesa, AZ",1990,0.221302539,0.848953068,2122101,4
6200,"Phoenix-Mesa, AZ",2000,0.258858979,0.790697634,3072149,4
6240,"Pine Bluff, AR",1970,0.076053917,0.593209803,85329,3
6240,"Pine Bluff, AR",1980,0.119182862,0.586352885,90611,3
6240,"Pine Bluff, AR",1990,0.146112368,0.561243236,85487,3
6240,"Pine Bluff, AR",2000,0.156835809,0.487944663,84278,3
6280,"Pittsburgh, PA",1970,0.096124806,0.926692307,2400525,1
6280,"Pittsburgh, PA",1980,0.146264523,0.916037619,2263851,1
6280,"Pittsburgh, PA",1990,0.188855186,0.910792291,2242798,1
6280,"Pittsburgh, PA",2000,0.238649622,0.891417801,2184612,1
6323,"Pittsfield, MA",1970,0.118939854,0.981872976,79660,1
6323,"Pittsfield, MA",1980,0.162734866,0.979477763,145100,1
6323,"Pittsfield, MA",1990,0.209077075,0.969731331,139352,1
6323,"Pittsfield, MA",2000,0.259548515,0.955191791,134953,1
6340,"Pocatello, ID",1970,,,0,4
6340,"Pocatello, ID",1980,0.184025928,0.951010346,65367,4
6340,"Pocatello, ID",1990,0.19841674,0.93775177,66026,4
6340,"Pocatello, ID",2000,0.249485955,0.925441682,75565,4
6403,"Portland, ME",1970,0.118252285,0.996411264,156879,1
6403,"Portland, ME",1980,0.189871565,0.988321304,215435,1
6403,"Portland, ME",1990,0.275613606,0.979764342,243135,1
6403,"Portland, ME",2000,0.342395037,0.964131892,265612,1
6440,"Portland-Vancouver, OR-WA (P)",1970,0.128148213,0.962990522,1008849,4
6440,"Portland-Vancouver, OR-WA (P)",1980,0.198425367,0.936967373,1297332,4
6440,"Portland-Vancouver, OR-WA (P)",1990,0.235893831,0.915065467,1477892,4
6440,"Portland-Vancouver, OR-WA (P)",2000,0.291889966,0.857694209,1874449,4
6483,"Providence, RI",1970,0.089454308,0.970221221,849532,1
6483,"Providence, RI",1980,0.146891654,0.951506495,865744,1
6483,"Providence, RI",1990,0.204315245,0.913566887,916270,1
6483,"Providence, RI",2000,0.244183615,0.856051505,962886,1
6520,"Provo-Orem, UT",1970,0.16107589,0.992255211,137770,4
6520,"Provo-Orem, UT",1980,0.233841687,0.970894754,217971,4
6520,"Provo-Orem, UT",1990,0.262143821,0.96389848,263593,4
6520,"Provo-Orem, UT",2000,0.314563274,0.932248116,368536,4
6560,"Pueblo, CO",1970,0.080605187,0.97997278,118239,4
6560,"Pueblo, CO",1980,0.132254452,0.860414505,125944,4
6560,"Pueblo, CO",1990,0.140058354,0.84771353,123051,4
6560,"Pueblo, CO",2000,0.183394879,0.822353542,141472,4
6600,"Racine, WI (P)",1970,0.087979577,0.932193041,170838,2
6600,"Racine, WI (P)",1980,0.139621675,0.89875412,173114,2
6600,"Racine, WI (P)",1990,0.164558336,0.869225383,175034,2
6600,"Racine, WI (P)",2000,0.202679068,0.841540873,188831,2
6640,"Raleigh-Durham-Chapel Hill, NC",1970,0.176184356,0.739976704,405556,3
6640,"Raleigh-Durham-Chapel Hill, NC",1980,0.277861029,0.73489815,530684,3
6640,"Raleigh-Durham-Chapel Hill, NC",1990,0.347418517,0.725195289,735173,3
6640,"Raleigh-Durham-Chapel Hill, NC",2000,0.423755407,0.687313318,1016647,3
6660,"Rapid City, SD",1970,0.110335439,0.94604975,59351,2
6660,"Rapid City, SD",1980,0.18376264,0.921658933,70161,2
6660,"Rapid City, SD",1990,0.21150811,0.893906057,81343,2
6660,"Rapid City, SD",2000,0.249806419,0.887370884,88565,2
6680,"Reading, PA",1970,0.066246398,0.975133538,296383,1
6680,"Reading, PA",1980,0.11373695,0.95203054,312541,1
6680,"Reading, PA",1990,0.151285857,0.936593652,336575,1
6680,"Reading, PA",2000,0.184884116,0.889580309,373638,1
6690,"Redding, CA",1970,,,0,4
6690,"Redding, CA",1980,0.124016739,0.956531107,115672,4
6690,"Redding, CA",1990,0.137003928,0.940884829,147035,4
6690,"Redding, CA",2000,0.166007906,0.920223475,163256,4
6720,"Reno, NV",1970,0.136152372,0.960178018,121114,4
6720,"Reno, NV",1980,0.19678238,0.924865484,193587,4
6720,"Reno, NV",1990,0.207401544,0.883891523,254667,4
6720,"Reno, NV",2000,0.237192169,0.822543502,339486,4
6740,"Richland-Kennewick-Pasco, WA",1970,0.137623012,0.973091662,93354,4
6740,"Richland-Kennewick-Pasco, WA",1980,0.202606484,0.923477888,144440,4
6740,"Richland-Kennewick-Pasco, WA",1990,0.210174292,0.866490245,150033,4
6740,"Richland-Kennewick-Pasco, WA",2000,0.233242899,0.820192695,191822,4
6760,"Richmond-Petersburg, VA",1970,0.12541616,0.743644297,512019,3
6760,"Richmond-Petersburg, VA",1980,0.184060201,0.697386086,761249,3
6760,"Richmond-Petersburg, VA",1990,0.238146141,0.688397765,865642,3
6760,"Richmond-Petersburg, VA",2000,0.292077869,0.653799474,996512,3
6780,"Riverside-San Bernardino, CA (P)",1970,0.097926006,0.941767156,1134326,4
6780,"Riverside-San Bernardino, CA (P)",1980,0.129559249,0.830214202,1557989,4
6780,"Riverside-San Bernardino, CA (P)",1990,0.147521228,0.746422827,2588786,4
6780,"Riverside-San Bernardino, CA (P)",2000,0.162693426,0.649000347,3254821,4
6800,"Roanoke, VA",1970,0.102454185,0.884416521,181436,3
6800,"Roanoke, VA",1980,0.14342469,0.878285587,220357,3
6800,"Roanoke, VA",1990,0.181179956,0.867059886,224477,3
6800,"Roanoke, VA",2000,0.224620685,0.844077945,235932,3
6820,"Rochester, MN",1970,0.179962113,0.993329763,84105,2
6820,"Rochester, MN",1980,0.248054668,0.980370641,91941,2
6820,"Rochester, MN",1990,0.294763416,0.959218919,106471,2
6820,"Rochester, MN",2000,0.347110629,0.907215357,124277,2
6840,"Rochester, NY",1970,0.133092985,0.930281818,882639,1
6840,"Rochester, NY",1980,0.191269681,0.901210725,971223,1
6840,"Rochester, NY",1990,0.234182611,0.876083374,1002408,1
6840,"Rochester, NY",2000,0.277451277,0.839612603,1037831,1
6880,"Rockford, IL",1970,0.083772704,0.938827395,270219,2
6880,"Rockford, IL",1980,0.131445855,0.906112015,279490,2
6880,"Rockford, IL",1990,0.161661699,0.887144983,283718,2
6880,"Rockford, IL",2000,0.187608242,0.843384206,320204,2
6895,"Rocky Mount, NC",1970,0.078218564,0.680143833,43654,3
6895,"Rocky Mount, NC",1980,0.095061503,0.586279154,123085,3
6895,"Rocky Mount, NC",1990,0.113726646,0.57589221,133235,3
6895,"Rocky Mount, NC",2000,0.138844222,0.535504043,143026,3
6920,"Sacramento, CA (P)",1970,0.125801951,0.912344456,752639,4
6920,"Sacramento, CA (P)",1980,0.187802717,0.840292573,986355,4
6920,"Sacramento, CA (P)",1990,0.227022842,0.794050455,1340008,4
6920,"Sacramento, CA (P)",2000,0.2585105,0.725844622,1628197,4
6960,"Saginaw-Bay City-Midland, MI",1970,0.069851525,0.915494859,337080,2
6960,"Saginaw-Bay City-Midland, MI",1980,0.125753656,0.8818084,421450,2
6960,"Saginaw-Bay City-Midland, MI",1990,0.151397109,0.868631661,399320,2
6960,"Saginaw-Bay City-Midland, MI",2000,0.181349173,0.856005192,403070,2
6980,"St. Cloud, MN",1970,,,0,2
6980,"St. Cloud, MN",1980,0.141660124,0.990187049,163237,2
6980,"St. Cloud, MN",1990,0.168994397,0.985941827,190921,2
6980,"St. Cloud, MN",2000,0.205265731,0.967710495,231809,2
7000,"St. Joseph, MO",1970,0.064099528,0.970707357,86916,2
7000,"St. Joseph, MO",1980,0.106480777,0.959675968,87888,2
7000,"St. Joseph, MO",1990,0.135107383,0.953455627,83082,2
7000,"St. Joseph, MO",2000,0.168702662,0.933719397,85998,2
7040,"St. Louis, MO-IL",1970,0.100225307,0.837398529,2376713,2
7040,"St. Louis, MO-IL",1980,0.156711593,0.81749922,2355757,2
7040,"St. Louis, MO-IL",1990,0.20731023,0.812814116,2444102,2
7040,"St. Louis, MO-IL",2000,0.256981611,0.783406258,2540138,2
7080,"Salem, OR (P)",1970,0.125297427,0.988267362,186659,4
7080,"Salem, OR (P)",1980,0.173303947,0.947229862,249841,4
7080,"Salem, OR (P)",1990,0.18183662,0.918257415,278020,4
7080,"Salem, OR (P)",2000,0.207993925,0.852367699,347214,4
7120,"Salinas, CA",1970,0.150127709,0.895427048,250036,4
7120,"Salinas, CA",1980,0.196033612,0.693227232,290443,4
7120,"Salinas, CA",1990,0.215424165,0.638989508,355660,4
7120,"Salinas, CA",2000,0.225041777,0.583123863,401762,4
7160,"Salt Lake City-Ogden, UT",1970,0.143056631,0.977170408,683806,4
7160,"Salt Lake City-Ogden, UT",1980,0.204930589,0.942829072,910127,4
7160,"Salt Lake City-Ogden, UT",1990,0.228894681,0.933614016,1072228,4
7160,"Salt Lake City-Ogden, UT",2000,0.265268892,0.887773871,1333914,4
7200,"San Angelo, TX",1970,0.100790255,0.9535653,71046,3
7200,"San Angelo, TX",1980,0.147188038,0.845985115,84784,3
7200,"San Angelo, TX",1990,0.169798657,0.811229169,98458,3
7200,"San Angelo, TX",2000,0.195033893,0.805595636,104010,3
7240,"San Antonio, TX",1970,0.102378376,0.924301565,863994,3
7240,"San Antonio, TX",1980,0.157129422,0.815958321,1071781,3
7240,"San Antonio, TX",1990,0.194359839,0.752107561,1302097,3
7240,"San Antonio, TX",2000,0.226531297,0.729473233,1559975,3
7320,"San Diego, CA",1970,0.139467821,0.92608726,1342367,4
7320,"San Diego, CA",1980,0.209122136,0.820139945,1833215,4
7320,"San Diego, CA",1990,0.252933562,0.750800252,2498012,4
7320,"San Diego, CA",2000,0.295214027,0.685983837,2813833,4
7360,"San Francisco, CA (P)",1970,0.168526396,0.830403805,3100323,4
7360,"San Francisco, CA (P)",1980,0.259927511,0.726882935,3246212,4
7360,"San Francisco, CA (P)",1990,0.321806908,0.660527587,3686592,4
7360,"San Francisco, CA (P)",2000,0.38801834,0.588177741,4123740,4
7400,"San Jose, CA (P)",1970,0.194829553,0.946086526,1064539,4
7400,"San Jose, CA (P)",1980,0.263670981,0.795834064,1294859,4
7400,"San Jose, CA (P)",1990,0.32575354,0.691135526,1497576,4
7400,"San Jose, CA (P)",2000,0.404775858,0.558749795,1682585,4
7460,"San Luis Obispo, CA",1970,,,0,4
7460,"San Luis Obispo, CA",1980,0.189872727,0.905389845,155371,4
7460,"San Luis Obispo, CA",1990,0.229393899,0.892393231,217161,4
7460,"San Luis Obispo, CA",2000,0.26701048,0.86781311,246681,4
7480,"Santa Barbara-Santa Maria-Lompoc, CA",1970,0.17944999,0.956468701,263006,4
7480,"Santa Barbara-Santa Maria-Lompoc, CA",1980,0.246072918,0.845414221,298615,4
7480,"Santa Barbara-Santa Maria-Lompoc, CA",1990,0.266374767,0.772199214,369608,4
7480,"Santa Barbara-Santa Maria-Lompoc, CA",2000,0.294233739,0.75173974,399347,4
7485,"Santa Cruz-Watsonville, CA (P)",1970,,,0,4
7485,"Santa Cruz-Watsonville, CA (P)",1980,0.23477374,0.884596586,188083,4
7485,"Santa Cruz-Watsonville, CA (P)",1990,0.297199398,0.841002405,229733,4
7485,"Santa Cruz-Watsonville, CA (P)",2000,0.34182024,0.774274051,255602,4
7490,"Santa Fe, NM",1970,0.215303972,0.9766801,68954,4
7490,"Santa Fe, NM",1980,0.312835366,0.832664549,92957,4
7490,"Santa Fe, NM",1990,0.356876701,0.826788664,117043,4
7490,"Santa Fe, NM",2000,0.399217427,0.78572154,147635,4
7500,"Santa Rosa, CA (P)",1970,0.11099904,0.970739245,204882,4
7500,"Santa Rosa, CA (P)",1980,0.192720965,0.931483805,299641,4
7500,"Santa Rosa, CA (P)",1990,0.245238826,0.906658828,388222,4
7500,"Santa Rosa, CA (P)",2000,0.285398811,0.837549686,458614,4
7510,,1970,0.121969707,0.908583164,217531,3
7510,,1980,0.15566799,0.922379613,350600,3
7510,,1990,0.192270756,0.925903738,489487,3
7510,,2000,0.245790064,0.904352665,589959,3
7520,"Savannah, GA",1970,0.088517673,0.655241847,187662,3
7520,"Savannah, GA",1980,0.134122521,0.622951686,220527,3
7520,"Savannah, GA",1990,0.175370172,0.62882179,242622,3
7520,"Savannah, GA",2000,0.234772891,0.596413732,269583,3
7560,"Scranton--Wilkes-Barre--Hazleton, PA",1970,0.056636687,0.99392271,576407,1
7560,"Scranton--Wilkes-Barre--Hazleton, PA",1980,0.102580354,0.989467502,640399,1
7560,"Scranton--Wilkes-Barre--Hazleton, PA",1990,0.141116112,0.982144535,734172,1
7560,"Scranton--Wilkes-Barre--Hazleton, PA",2000,0.179057032,0.956346273,763463,1
7600,"Seattle-Bellevue-Everett, WA (P)",1970,0.159337044,0.941081822,1420936,4
7600,"Seattle-Bellevue-Everett, WA (P)",1980,0.240269467,0.903055012,1603338,4
7600,"Seattle-Bellevue-Everett, WA (P)",1990,0.298021048,0.869333386,1972376,4
7600,"Seattle-Bellevue-Everett, WA (P)",2000,0.361311793,0.795472383,2343058,4
7610,"Sharon, PA",1970,0.076803342,0.913091838,56646,1
7610,"Sharon, PA",1980,0.116736516,0.952914655,128274,1
7610,"Sharon, PA",1990,0.135692999,0.946521997,121003,1
7610,"Sharon, PA",2000,0.172922373,0.93438524,120293,1
7620,"Sheboygan, WI",1970,,,0,2
7620,"Sheboygan, WI",1980,0.1122711,0.989171267,100910,2
7620,"Sheboygan, WI",1990,0.137619883,0.965439916,103877,2
7620,"Sheboygan, WI",2000,0.179128498,0.93131578,112646,2
7640,"Sherman-Denison, TX",1970,0.087164812,0.917295516,83224,3
7640,"Sherman-Denison, TX",1980,0.129167721,0.916533053,89752,3
7640,"Sherman-Denison, TX",1990,0.139715478,0.898621321,95020,3
7640,"Sherman-Denison, TX",2000,0.172418565,0.888023853,110595,3
7680,"Shreveport-Bossier City, LA",1970,0.106129795,0.67286855,293888,3
7680,"Shreveport-Bossier City, LA",1980,0.153129056,0.659510195,332952,3
7680,"Shreveport-Bossier City, LA",1990,0.175495535,0.63868922,334341,3
7680,"Shreveport-Bossier City, LA",2000,0.198775932,0.595741153,350471,3
7720,"Sioux City, IA-NE",1970,0.094116144,0.982597291,116189,2
7720,"Sioux City, IA-NE",1980,0.140759617,0.970125258,117323,2
7720,"Sioux City, IA-NE",1990,0.159639522,0.935262322,115018,2
7720,"Sioux City, IA-NE",2000,0.178775877,0.873487473,124130,2
7760,"Sioux Falls, SD",1970,0.104376413,0.98925525,95209,2
7760,"Sioux Falls, SD",1980,0.167213961,0.981623948,109368,2
7760,"Sioux Falls, SD",1990,0.212723047,0.973192573,123809,2
7760,"Sioux Falls, SD",2000,0.259743035,0.935352445,148281,2
7800,"South Bend, IN",1970,0.095790207,0.921014488,245045,2
7800,"South Bend, IN",1980,0.14606303,0.89504832,241534,2
7800,"South Bend, IN",1990,0.192232728,0.880377412,247052,2
7800,"South Bend, IN",2000,0.236288086,0.835656106,265559,2
7840,"Spokane, WA",1970,0.118917659,0.976822078,287170,4
7840,"Spokane, WA",1980,0.178529516,0.955884874,341828,4
7840,"Spokane, WA",1990,0.206252649,0.948221207,361366,4
7840,"Spokane, WA",2000,0.250212669,0.9274894,417939,4
7880,"Springfield, IL",1970,0.103786677,0.949074924,161335,2
7880,"Springfield, IL",1980,0.183074817,0.930906475,187615,2
7880,"Springfield, IL",1990,0.218553364,0.913769424,189550,2
7880,"Springfield, IL",2000,0.280548185,0.886907578,201437,2
7920,"Springfield, MO",1970,0.097588181,0.981585026,152919,2
7920,"Springfield, MO",1980,0.148181945,0.974246979,207545,2
7920,"Springfield, MO",1990,0.196055725,0.968752325,240591,2
7920,"Springfield, MO",2000,0.235846758,0.952381611,294676,2
8003,"Springfield, MA",1970,0.105310395,0.954776049,583032,1
8003,"Springfield, MA",1980,0.164454073,0.914038599,581759,1
8003,"Springfield, MA",1990,0.208422557,0.872561276,602878,1
8003,"Springfield, MA",2000,0.246559396,0.829165816,608479,1
8050,"State College, PA",1970,,,0,1
8050,"State College, PA",1980,0.274533749,0.969989061,112759,1
8050,"State College, PA",1990,0.323105663,0.942400575,123786,1
8050,"State College, PA",2000,0.362786651,0.91906184,135758,1
8080,"Steubenville-Weirton, OH-WV",1970,0.05101198,0.955514252,165626,3
8080,"Steubenville-Weirton, OH-WV",1980,0.080097139,0.955732942,163072,3
8080,"Steubenville-Weirton, OH-WV",1990,0.094906546,0.954596817,142523,3
8080,"Steubenville-Weirton, OH-WV",2000,0.120685585,0.95026058,132008,3
8120,"Stockton-Lodi, CA",1970,0.079768062,0.887952566,290145,4
8120,"Stockton-Lodi, CA",1980,0.115224481,0.768357992,347260,4
8120,"Stockton-Lodi, CA",1990,0.131867975,0.735173583,480628,4
8120,"Stockton-Lodi, CA",2000,0.145299971,0.609008551,563598,4
8160,"Syracuse, NY",1970,0.131541699,0.957025707,636497,1
8160,"Syracuse, NY",1980,0.176200449,0.937668383,642949,1
8160,"Syracuse, NY",1990,0.21765472,0.918868244,659864,1
8160,"Syracuse, NY",2000,0.251988173,0.890095294,650154,1
8200,"Tacoma, WA (P)",1970,0.100936338,0.932531238,409760,4
8200,"Tacoma, WA (P)",1980,0.151188701,0.88119185,485667,4
8200,"Tacoma, WA (P)",1990,0.174934357,0.851971567,586787,4
8200,"Tacoma, WA (P)",2000,0.205936775,0.801307023,700820,4
8240,"Tallahassee, FL",1970,0.241250157,0.743175447,103047,3
8240,"Tallahassee, FL",1980,0.320394516,0.738917232,148654,3
8240,"Tallahassee, FL",1990,0.323546439,0.678067982,233598,3
8240,"Tallahassee, FL",2000,0.367275596,0.625207782,284539,3
8280,"Tampa-St. Petersburg-Clearwater, FL",1970,0.094737463,0.892736435,1006269,3
8280,"Tampa-St. Petersburg-Clearwater, FL",1980,0.135115042,0.894044518,1568374,3
8280,"Tampa-St. Petersburg-Clearwater, FL",1990,0.172928333,0.884318054,2067963,3
8280,"Tampa-St. Petersburg-Clearwater, FL",2000,0.216883674,0.839601219,2395997,3
8320,"Terre Haute, IN",1970,0.089618444,0.958060384,138461,2
8320,"Terre Haute, IN",1980,0.147216946,0.944741964,137134,2
8320,"Terre Haute, IN",1990,0.164421827,0.940922856,130812,2
8320,"Terre Haute, IN",2000,0.196100831,0.926482558,132404,2
8360,"Texarkana, TX-Texarkana, AR",1970,0.067182094,0.777801931,101198,3
8360,"Texarkana, TX-Texarkana, AR",1980,0.10426306,0.769727409,113057,3
8360,"Texarkana, TX-Texarkana, AR",1990,0.127985209,0.765507936,120132,3
8360,"Texarkana, TX-Texarkana, AR",2000,0.150289148,0.744221568,129749,3
8400,"Toledo, OH",1970,0.096988901,0.900615454,573379,2
8400,"Toledo, OH",1980,0.144413471,0.872649968,616292,2
8400,"Toledo, OH",1990,0.174306557,0.858690679,614128,2
8400,"Toledo, OH",2000,0.216052994,0.829567313,618203,2
8440,"Topeka, KS",1970,0.132882118,0.918298781,155322,2
8440,"Topeka, KS",1980,0.198869586,0.889844239,154902,2
8440,"Topeka, KS",1990,0.223314315,0.87925452,160975,2
8440,"Topeka, KS",2000,0.260444552,0.846094966,169871,2
8480,"Trenton, NJ (P)",1970,0.140867531,0.830801249,303962,1
8480,"Trenton, NJ (P)",1980,0.217656851,0.789101422,308077,1
8480,"Trenton, NJ (P)",1990,0.295042515,0.751716852,326031,1
8480,"Trenton, NJ (P)",2000,0.339648426,0.691678941,350761,1
8520,"Tucson, AZ",1970,0.156936035,0.940719485,351667,4
8520,"Tucson, AZ",1980,0.206990153,0.843030155,531443,4
8520,"Tucson, AZ",1990,0.232769623,0.78934598,666885,4
8520,"Tucson, AZ",2000,0.267499089,0.769738734,843746,4
8560,"Tulsa, OK",1970,0.117192604,0.888948739,475294,3
8560,"Tulsa, OK",1980,0.170309305,0.858911455,656975,3
8560,"Tulsa, OK",1990,0.203464806,0.833908856,708955,3
8560,"Tulsa, OK",2000,0.232168093,0.799332678,803235,3
8600,"Tuscaloosa, AL",1970,0.109497078,0.757233083,116029,3
8600,"Tuscaloosa, AL",1980,0.166078463,0.723631501,137515,3
8600,"Tuscaloosa, AL",1990,0.199898839,0.729237378,150523,3
8600,"Tuscaloosa, AL",2000,0.240349755,0.685119033,164875,3
8640,"Tyler, TX",1970,0.100743279,0.756908178,97095,3
8640,"Tyler, TX",1980,0.1605746,0.756868958,128363,3
8640,"Tyler, TX",1990,0.197834387,0.751125157,151309,3
8640,"Tyler, TX",2000,0.225481898,0.735910594,174706,3
8680,"Utica-Rome, NY",1970,0.087212697,0.974362493,340634,1
8680,"Utica-Rome, NY",1980,0.126386955,0.967533767,320160,1
8680,"Utica-Rome, NY",1990,0.159217209,0.940129399,316633,1
8680,"Utica-Rome, NY",2000,0.177384198,0.925410807,299896,1
8720,"Vallejo-Fairfield-Napa, CA (P)",1970,0.099623367,0.897039294,246628,4
8720,"Vallejo-Fairfield-Napa, CA (P)",1980,0.150160104,0.799456537,332881,4
8720,"Vallejo-Fairfield-Napa, CA (P)",1990,0.196615458,0.72213614,450479,4
8720,"Vallejo-Fairfield-Napa, CA (P)",2000,0.226571158,0.642610848,518821,4
8735,"Oxnard--Ventura, CA (P) -X",1970,0.123358317,0.962193668,376286,4
8735,"Oxnard--Ventura, CA (P) -X",1980,0.181774065,0.826494753,527907,4
8735,"Oxnard--Ventura, CA (P) -X",1990,0.230053589,0.792028904,669016,4
8735,"Oxnard--Ventura, CA (P) -X",2000,0.269495249,0.719751954,753197,4
8750,"Victoria, TX",1970,0.090422966,0.920990944,53766,3
8750,"Victoria, TX",1980,0.119909927,0.803014219,68807,3
8750,"Victoria, TX",1990,0.141043231,0.796264172,74361,3
8750,"Victoria, TX",2000,0.162469938,0.756445646,84088,3
8760,"Vineland-Millville-Bridgeton, NJ (P)",1970,0.056841824,0.852044106,121374,1
8760,"Vineland-Millville-Bridgeton, NJ (P)",1980,0.086991273,0.782600522,132866,1
8760,"Vineland-Millville-Bridgeton, NJ (P)",1990,0.108341135,0.733247399,138053,1
8760,"Vineland-Millville-Bridgeton, NJ (P)",2000,0.117493473,0.671144128,146438,1
8780,"Visalia-Tulare-Porterville, CA",1970,0.07188002,0.9607054,188321,4
8780,"Visalia-Tulare-Porterville, CA",1980,0.101075508,0.743678331,245693,4
8780,"Visalia-Tulare-Porterville, CA",1990,0.118009627,0.658687115,311921,4
8780,"Visalia-Tulare-Porterville, CA",2000,0.114989653,0.613225877,368021,4
8800,"Waco, TX",1970,0.103016354,0.836987376,147553,3
8800,"Waco, TX",1980,0.145301446,0.791367769,170644,3
8800,"Waco, TX",1990,0.165899798,0.774469495,189123,3
8800,"Waco, TX",2000,0.191003561,0.73233515,213517,3
8840,"Washington, DC-MD-VA-WV (P)",1970,0.233504862,0.744885504,2869543,3
8840,"Washington, DC-MD-VA-WV (P)",1980,0.320883989,0.692891598,3215727,3
8840,"Washington, DC-MD-VA-WV (P)",1990,0.384631038,0.657592893,3923240,3
8840,"Washington, DC-MD-VA-WV (P)",2000,0.435367316,0.589615166,4544944,3
8920,"Waterloo-Cedar Falls, IA",1970,0.100564599,0.947086871,132916,2
8920,"Waterloo-Cedar Falls, IA",1980,0.154248029,0.927349567,137856,2
8920,"Waterloo-Cedar Falls, IA",1990,0.169671789,0.929896116,146611,2
8920,"Waterloo-Cedar Falls, IA",2000,0.227444336,0.905165315,151337,2
8940,"Wausau, WI",1970,0.073175989,0.990487993,97456,2
8940,"Wausau, WI",1980,0.116281301,0.991534173,111250,2
8940,"Wausau, WI",1990,0.13453646,0.974029481,115400,2
8940,"Wausau, WI",2000,0.183021054,0.944760561,125834,2
8960,"West Palm Beach-Boca Raton, FL",1970,0.119273923,0.822475016,348734,3
8960,"West Palm Beach-Boca Raton, FL",1980,0.170945957,0.845953941,576720,3
8960,"West Palm Beach-Boca Raton, FL",1990,0.221270159,0.84895426,863521,3
8960,"West Palm Beach-Boca Raton, FL",2000,0.277069658,0.799364209,1131184,3
9000,"Wheeling, WV-OH",1970,0.057554971,0.976400018,182712,2
9000,"Wheeling, WV-OH",1980,0.093766727,0.974623561,185466,2
9000,"Wheeling, WV-OH",1990,0.121752553,0.976221144,159301,2
9000,"Wheeling, WV-OH",2000,0.146416977,0.958438873,153172,2
9040,"Wichita, KS",1970,0.120269917,0.920678675,389353,2
9040,"Wichita, KS",1980,0.178724721,0.889144123,441787,2
9040,"Wichita, KS",1990,0.215250477,0.874859095,485269,2
9040,"Wichita, KS",2000,0.247112811,0.83248049,545220,2
9080,"Wichita Falls, TX",1970,0.108728677,0.916557431,120562,3
9080,"Wichita Falls, TX",1980,0.143692195,0.861673415,121037,3
9080,"Wichita Falls, TX",1990,0.165370941,0.83997941,122378,3
9080,"Wichita Falls, TX",2000,0.199677974,0.80165422,131664,3
9140,"Williamsport, PA",1970,,,0,1
9140,"Williamsport, PA",1980,0.103470221,0.97959733,118416,1
9140,"Williamsport, PA",1990,0.122992791,0.969455004,118710,1
9140,"Williamsport, PA",2000,0.150596276,0.942895949,120044,1
9160,"Wilmington-Newark, DE-MD (P)",1970,0.130565733,0.874046028,498968,3
9160,"Wilmington-Newark, DE-MD (P)",1980,0.180143982,0.844236016,523163,3
9160,"Wilmington-Newark, DE-MD (P)",1990,0.220864013,0.825578809,578588,3
9160,"Wilmington-Newark, DE-MD (P)",2000,0.263230741,0.771825075,650501,3
9200,"Wilmington, NC",1970,0.096816055,0.750940204,82695,3
9200,"Wilmington, NC",1980,0.163164631,0.7759642,103289,3
9200,"Wilmington, NC",1990,0.212145701,0.789970338,120283,3
9200,"Wilmington, NC",2000,0.309646994,0.804456472,160307,3
9260,"Yakima, WA",1970,,,0,4
9260,"Yakima, WA",1980,0.113063909,0.831096709,172474,4
9260,"Yakima, WA",1990,0.136881903,0.739157856,188823,4
9260,"Yakima, WA",2000,0.153005421,0.68022877,222581,4
9270,"Yolo, CA",1970,0.183177859,0.953889728,92821,4
9270,"Yolo, CA",1980,0.269168019,0.829751492,114215,4
9270,"Yolo, CA",1990,0.3027246,0.761225402,141799,4
9270,"Yolo, CA",2000,0.341385216,0.703427017,168660,4
9280,"York, PA",1970,0.070480004,0.974330783,329539,1
9280,"York, PA",1980,0.113091812,0.965411603,381255,1
9280,"York, PA",1990,0.137565047,0.956587195,417849,1
9280,"York, PA",2000,0.180534631,0.936859846,473043,1
9320,"Youngstown-Warren, OH",1970,0.069412448,0.902646542,535985,2
9320,"Youngstown-Warren, OH",1980,0.104631446,0.886639118,531293,2
9320,"Youngstown-Warren, OH",1990,0.127986431,0.876853585,492699,2
9320,"Youngstown-Warren, OH",2000,0.160712168,0.858638704,482671,2
9340,"Yuba City, CA",1970,,,0,4
9340,"Yuba City, CA",1980,0.12006148,0.844959795,101969,4
9340,"Yuba City, CA",1990,0.12670666,0.777622879,122643,4
9340,"Yuba City, CA",2000,0.132152468,0.716634691,139149,4
9360,"Yuma, AZ",1970,,,0,4
9360,"Yuma, AZ",1980,0.11409992,0.756627202,77823,4
9360,"Yuma, AZ",1990,0.127251089,0.756541371,106896,4
9360,"Yuma, AZ",2000,0.118437752,0.704604268,160026,4
